132754e1-f868-4713-b1ba-55e3af45d816,N1,1
f837ca93-169b-4ce9-bd43-e8cd021bef46,N1,2
9dd180a4-ce27-4d5a-9200-48e388d5f066,N1,3
9a7bd6f8-6885-49bf-a59f-39a54124e514,N1,4
8c261ed1-f4a5-4e79-a8a3-1d0a96e4b51a,N1,5
438bcf20-ead0-4807-b240-dc1381fded69,N1,6
ce5ad7f1-8bd7-4ea0-ac5e-b19df019794d,N1,7
8db596dc-72c4-4335-b080-740728c66aba,N1,8
e7fd4ac0-ea8d-4615-872a-02c14ccb5692,N1,9
97c3e35c-f068-44e0-bc4b-8d5d53174521,N1,10
c9d191ad-b097-49d6-93e5-2374fccceff5,N1,11
4d0ade7f-2c62-476f-a75a-241247f3abca,N1,12
309c58d7-2792-4e41-beb4-e2fdec7123f0,N1,13
378569dc-62e0-4cc0-abb4-04cd77e89840,N1,14
b3abc716-8d8c-4d2c-9773-6195aad96b05,N1,15
bc980e90-ca52-47d1-8803-e3720c827b46,N1,16
490e987e-a494-4db9-8eb4-2d6f23d78060,N1,17
6218005f-0dcc-43d9-9f2f-22aca0c041bd,N1,18
1b42fb7a-925d-4867-849a-32e96ed0b607,N1,19
86ee3da5-9c74-4771-9576-9e61626e2574,N1,20
2c59599c-43bf-418d-9095-4a48e1508b90,N1,21
1ec543a8-d15b-4a3d-b13c-b1497f3fa303,N1,22
518cf274-b6f0-416d-b830-7fc7b162827e,N1,23
cd31fa27-ab80-4b75-907b-edf92d4d5b28,N1,24
61bf8154-e6f3-4f4a-8e17-756b1c25e00c,N1,25
f720edf1-fffd-4710-b952-8e0f6af586a7,N1,26
76dbf58e-9d96-4aae-b5d4-00c3b42298b8,N1,27
20c8351d-5079-4b08-a33a-2ec16e851810,N1,28
7db07a46-8090-4053-a885-6d20081c0ffe,N1,29
b8a1b806-69a8-485a-b2f6-3d01e0dbc375,N1,30
dfe3b11d-440f-42dc-afaf-745f1c9c6ba2,N2,1
06685e6f-d915-4de4-85c8-9d33d754c80f,N2,2
7a22064b-a927-474d-9675-77bf23ef4a8e,N2,3
035b1d0b-a0ff-4056-9879-f6b684c5bd45,N2,4
5ce4f6af-45ea-4eb2-b770-0ffc35c26ff6,N2,5
c57216bd-8839-4e01-a2d0-8388a154a24f,N2,6
22127f9c-d933-4fe9-a50d-39a8fec5aa86,N2,7
dba901f4-394e-44c0-a136-6cf312bf1e66,N2,8
963c3e22-ff15-41f8-ace9-caa7c204c1af,N2,9
4d3bc177-4261-4053-b73b-793f5c77fcfb,N2,10
f9c17652-79ce-47b8-acce-7ce873d627b8,N2,11
c544122e-ed80-4982-9236-2752215c3e35,N2,12
b545e679-450c-418f-a845-abd6c206ee2b,N2,13
b56e20ce-04ae-4475-ac44-50b3bbfce960,N2,14
bb5ee822-f610-4743-9983-f2d7b0a601f8,N2,15
403f57f3-fbc7-47b9-b263-0a50cf81ab3a,N2,16
4ad8b604-135b-483d-b94a-753e3e70c54f,N2,17
948e0791-c418-457a-a15a-a0fcb2117a13,N2,18
a36eb713-545a-42d5-9595-add23e9767ec,N2,19
eb089cc3-c2f5-408e-bb71-42ddb0e8eab0,N2,20
6db50f34-ac46-4abf-ab94-f16c88f3cdfb,N2,21
0032ef8c-619b-4c05-acbc-d49b14f8405d,N2,22
89e75ee6-61ea-45b5-9be7-b6b2db88c705,N2,23
415bceaa-cf34-4798-acba-26567c251d9c,N2,24
ef705603-4b43-4a1b-b8b3-6b1972a0d7dc,N2,25
5ef74884-db79-4a09-bc2d-4c1012124fac,N2,26
b4f1e200-42eb-4866-8870-4ee750bcade9,N2,27
f3a9644d-d3c2-4d18-b3fb-2f3563900732,N2,28
33b80f0e-3bd8-4c33-84b1-f45d4ca079fe,N2,29
c51677b7-295f-4749-a7c7-d290e9ff72fa,N2,30
66290ec8-c236-4553-a694-2aa3332f4097,N3,1
43197d48-c470-4435-a0fb-6e6d2d69b0e1,N3,2
1f08bd79-2fd2-440a-85f0-8ad2e77c6158,N3,3
eb24529f-e610-4032-8445-d1bfbba39858,N3,4
d95264a4-5f82-4921-afbe-7892480ff7e3,N3,5
c5702980-87a5-4b34-b7e0-036a38589893,N3,6
07be4406-e3d0-4cb6-886a-a9255432f5fb,N3,7
83de2945-42c5-470a-ac6a-82f78f12fc11,N3,8
387f44e5-a63d-4ff8-8f41-8540fa6d5e1c,N3,9
e57df6b7-c06d-4d8c-8f96-81c6e76f4c2c,N3,10
33bdd683-af53-4ceb-8088-5263bfab20f2,N3,11
a586db58-71ca-42c2-80cb-36a40935a9c4,N3,12
5b865c4f-4bc2-45b5-a3f8-f7eb75cf1bca,N3,13
1ba68a24-b0d2-4ac8-ba7e-01e16b88b83a,N3,14
e7aad49d-d039-4ce1-835a-d9eb4fea495c,N3,15
e55e63ec-7418-4719-acfe-b4024d793702,N3,16
2eab695b-8692-4b58-b9b2-1acfecc94a35,N3,17
f9a39f5a-0125-4a9f-98ea-f8d6ced8041a,N3,18
58a09e6d-8aec-40dc-a853-32e9697019a7,N3,19
d5ca6a9e-7c7f-4ec2-a071-bc1ec6c1ed45,N3,20
a194dad2-43cc-410c-9fa3-d389f148bc27,N3,21
e4dafd3c-4ab8-4dfb-867c-a24b20f25919,N3,22
01bd2d33-9682-4758-bd67-1af7de70bf2b,N3,23
bd02437a-d6d9-4c17-b680-a7bd66b88bbd,N3,24
7e6c8294-15ed-468e-9502-1c3dc063293e,N3,25
4264d6a1-96ca-42e6-8e13-07d2e44f5d92,N3,26
d2907dc8-e3ed-470f-9687-6a5e24c4a83a,N3,27
5ab84df8-6967-4e81-9d49-5e4aefe66f29,N3,28
1356aecd-c803-462e-9fd4-7904b23255e8,N3,29
83552d94-09a4-455c-9abe-d73e8a6b7811,N3,30
03a9adbc-9a54-4f0c-b026-6e29fc672346,N4,1
ba2baed4-908f-4b23-ab61-d070e369f754,N4,2
15c6479d-b0ae-40c8-bedd-193a54f003ba,N4,3
88eefdc3-aac7-4e0e-9d45-52de6f37d0a6,N4,4
02175f3c-2fbd-449b-acb4-309bbb6d547f,N4,5
4454f0f6-a956-4cad-a8eb-eecc5f67f810,N4,6
9a184352-0df3-4caf-bdd1-dfe14d455a09,N4,7
bf0ea31a-cd71-45f1-9223-f7a8d2d90a41,N4,8
aa9b82ea-a19a-41ef-b621-56af7a3edc27,N4,9
33cdd12c-628c-431f-887b-88a553f55d53,N4,10
62bcac52-2047-430e-b566-24a5ff0f9be1,N4,11
3f338972-d766-4e3d-ab01-af95292b8228,N4,12
c2c201ef-a946-4d2e-a9ac-58d0d558bf68,N4,13
0640ceda-ada0-47b7-b432-d36354c75f82,N4,14
f8f368a0-abbf-48c6-98ea-5c8d0a46792c,N4,15
f57ba566-29f1-4e9b-a079-26632d442b00,N4,16
17ca29a9-9a2c-4ac2-b3fa-8eac66c13e10,N4,17
e4d5389c-b9a9-4f01-bb45-127dce996aef,N4,18
5d50c3bc-336e-4336-8949-71e9f1e4bf2e,N4,19
613c35e6-c8e3-432b-bfce-999dec7f5cfe,N4,20
2b4d0346-6809-4fd8-9711-e6d7fdfd0342,N4,21
b55fcd01-6dcd-4481-b967-0c8bb35d46f2,N4,22
fe2fdc37-ad0f-4b5d-8822-6d7bd414aa99,N4,23
38b972f1-1c3d-4459-89ad-21bddb029c25,N4,24
02d34305-90a7-4a42-987b-c33382af9e32,N4,25
2e6f4f05-fb2f-4417-96d1-45e13af1fb74,N4,26
a27f6e12-83b1-4098-8dc9-4795e6a67eb5,N4,27
f1b94b43-53ab-43d1-b832-b4f675b2c475,N4,28
812a8d55-02de-4d59-8220-50bf1107ba3d,N4,29
62f9ee5a-f6fd-4e19-b001-ab32bdbd2f21,N4,30
2f9c423d-8d46-47f0-8806-73bdb838e23f,N5,1
520912ca-6590-404f-9d56-f516fe877390,N5,2
6551271f-80c0-4ea0-b809-23bbbb1a4ab3,N5,3
c0865449-6542-4004-bdcd-2e20f7c1ea2e,N5,4
206496ba-1769-4474-a73d-535259958642,N5,5
80bb7516-76cf-49ca-9a75-0833a3cef049,N5,6
91318f90-f1de-478a-9532-d6708538943f,N5,7
b8f7e3f5-c31c-4eef-8085-67be42b6fa2d,N5,8
f5bd285f-5ffd-4946-9d60-a3b7172a14c7,N5,9
a53bb21d-aa6b-42bb-bcd5-3ec1a9a2945b,N5,10
0ca81e16-366f-47d1-a514-15df9eeb7326,N5,11
7f9e6bb8-7d4a-4125-a9e6-36e9e87af84a,N5,12
e7a21b3b-6313-4609-983a-56c4698a3ee3,N5,13
7318e872-ae0f-449d-a9af-46181101c8e1,N5,14
edc6c6db-c9fa-4064-b430-569d0608fb6a,N5,15
0fb9a643-a450-4994-a314-6c1b558e0b3b,N5,16
eb9167eb-d06f-4085-bd2a-5a443b867a53,N5,17
b3a5064c-fdf5-442c-9a17-e3fd92a9e1ba,N5,18
99943270-e5c7-49bf-9405-efbe36107150,N5,19
fba622b9-f955-4445-8ed5-a326b4c03547,N5,20
71fe7af3-ea2c-4134-b838-716725e04b4c,N5,21
e510840d-7274-4769-91fa-f34e6b259d78,N5,22
776358f6-1670-416c-9f04-88be028931b5,N5,23
f6b39edd-2821-4c22-83f6-c61d1afe3715,N5,24
e3a031e8-dc32-4f95-b1b4-7bf1774bdbe4,N5,25
18a05229-e525-4607-b884-8ab66d2a8be1,N5,26
52a5ab49-7a6e-4ad4-b8b7-408ec526311c,N5,27
f63d702f-0f70-4322-aec0-273517ce2f6a,N5,28
7efff2d4-cf43-4daf-afdc-2d435e9e906c,N5,29
96a8b53c-8c78-4f73-9ae7-079df5d0489c,N5,30
