02388bce-583b-4b58-bd16-54fbdb310294,N1,1
09e7df9a-0d9f-4acb-ac6d-4973e145e978,N1,2
508f3484-b52c-44b0-abbf-574473f6188d,N1,3
f760da1f-65e1-45a8-8f95-2ea7d714d952,N1,4
594ec464-d5d4-4681-b722-70fdbacd2a63,N1,5
a8e7499a-12fc-4c67-a9b6-f4fb2dca3011,N1,6
d8a04ed5-99b2-44a4-8235-3dbcc282e4a1,N1,7
0f739e68-dcb1-434a-8c36-0a8476f3f83b,N1,8
c07bd954-0e81-463d-85d2-08fc9bbd68a6,N1,9
ea7c14e4-9f0c-4404-95ca-15bb1dee5568,N1,10
dd1818b8-f059-4a71-a900-e0a5c706f561,N1,11
eed599d6-136a-4c97-a7c2-c3a5a2bba9eb,N1,12
4871284f-175b-4e73-9e6a-470e0ea5a370,N1,13
7070d77c-2056-4266-a993-66c062881fe0,N1,14
3ac449c8-2821-4a6d-947a-b471288d6598,N1,15
3dd5332e-bce1-44eb-87b0-4ae18cfd1662,N1,16
7759a59e-d0b2-405b-9787-a48f9a4dc178,N1,17
551b1474-20fa-4da9-a003-a6b715861e05,N1,18
7184d3ca-b9c0-4beb-b58d-0db7c22f563c,N1,19
dbb20c2e-2f11-40ba-bbf5-1624f31f4a6b,N1,20
73428b97-71d4-4583-866a-14b77d58670b,N1,21
77a1909d-daaa-47fe-9660-befb98077c45,N1,22
106ae883-b376-4cd0-bd62-f8afe7cb926c,N1,23
5385a0ee-a6c2-4d06-bf6b-a3b5fe937421,N1,24
878b9a94-dc12-4056-8d1d-d8b892d697f7,N1,25
e4b49f33-e685-4b9d-aeec-0f1cc01e4a2d,N1,26
c23a7f75-f2a0-4ba1-864d-d83e09e7c489,N1,27
65837784-b65f-483e-9cdb-a71bfdfcce4f,N1,28
4e4b58ab-11f0-44be-a47e-3a01e73360fb,N1,29
070d4d37-f0bd-42f2-9e5e-1a318114b400,N1,30
f99195b4-652a-44ac-a541-1e1fe8df2415,N2,1
b6439e20-a04a-4b3d-9435-a4490d52cddd,N2,2
1caeb3ef-70d2-4a2c-99ec-ae307c2f510f,N2,3
8bb84bdd-cc0c-48d6-82bb-cfe4e5a618a9,N2,4
eefd8465-cf40-48b0-bdd3-b27ee0bc0977,N2,5
e6b90e4c-b6d7-4033-b6be-858abb9aae26,N2,6
76e6c899-0d9d-46d4-9662-6cfa760508d4,N2,7
fe38796c-d32a-4e63-954d-332c52601766,N2,8
35b36035-a820-4054-938e-32a689827f65,N2,9
4b4481fc-dfc3-4a34-b5ac-251cc90e1b4a,N2,10
28e6aa04-e928-40d6-b78e-5a10f48f5599,N2,11
5e24df39-1fe7-40d4-b533-4b91a20675d4,N2,12
630c520b-b6a4-473d-b944-8aa7c68716c5,N2,13
2b57d77f-b5fe-4865-b617-35f31c3b632a,N2,14
b0a38d42-2a5b-4081-988d-d029fcc22315,N2,15
6a0e9f6d-a617-4b84-b2af-7d30e8fa21c7,N2,16
2c41ccce-8b57-47ea-b26d-70ecd7aabbfd,N2,17
ef2279c1-a2c6-4bb0-8c10-73a887cc9dee,N2,18
0b7706f4-15bf-47d7-b388-740cb39aee6a,N2,19
e74b7cd2-fa25-401e-8ef3-d97d9570b532,N2,20
f6f44b01-a824-498c-9d94-c59ea9d9fa1c,N2,21
ddb456a5-b5ee-462f-b600-b83d4bdac339,N2,22
6979ddfe-1720-47dc-b4d6-63ce1b47dd7f,N2,23
e35c610f-0019-416e-bba8-30c6a9466708,N2,24
185fb972-cc37-45aa-b7b1-dcf41b27a74e,N2,25
cc5a611c-e5eb-43ed-bb83-503dbbbd5ac3,N2,26
f85797b1-2738-4fe9-b314-79ae9abcd85b,N2,27
ef41aa25-f914-440c-a90c-70610752cb72,N2,28
3a3d0352-ea3a-4d66-9e09-69b1388530d7,N2,29
6f11f66c-615d-4063-aff8-74d1718e5193,N2,30
21dfe4cb-5695-4564-8457-add968caf5fa,N3,1
55b20ebd-b700-4ac6-89a8-9e30509767e6,N3,2
464d5747-5475-46e5-abd4-3453ca1a76fb,N3,3
ffc900cb-257a-447c-bf3c-8e5b1609f5f4,N3,4
862e0281-d6e5-4389-b307-4fa345548d6b,N3,5
349afadd-2673-45da-a876-644bdb2dade7,N3,6
bae3e4b2-7ed6-43d1-b0ea-53e1e441f2a0,N3,7
fd3251bb-ab65-4f70-8152-f085c3a7ba0f,N3,8
cd1dfea3-bd4a-44e2-b016-3168576a9fba,N3,9
8fc39601-638b-45c4-a6fd-21e1e388fae7,N3,10
1a356c95-9195-4c98-8d90-659b0590c6e3,N3,11
ad1fce22-5f54-4b12-800d-3db38a3f9c2b,N3,12
8a0b7fc3-2821-4c2b-95e1-696cae2b4635,N3,13
1104287a-5c6d-42e8-8049-36b80c0387f4,N3,14
35329d2d-29f2-42ce-aa75-d2153807c1fe,N3,15
4caa2e4d-5050-4d7f-b084-8180c7d216d0,N3,16
28bf1c85-f4b2-4837-983a-3e8ba8d8c8d3,N3,17
9a2e703e-7bf4-43f3-aa0d-127a99ea623f,N3,18
cf983ec6-7521-4761-89f7-29e24ff94298,N3,19
abfbd411-33e7-451f-94a0-e9a07e327724,N3,20
328e71fc-5649-4f31-baf9-bc651ef9e648,N3,21
276c80db-6e90-4077-bc86-545ea15dc529,N3,22
4aa8b93e-ad97-46f7-9dbb-7626674066f0,N3,23
995cd8b3-bf45-4b8b-90c3-ea9e6bdc1f65,N3,24
25ef1ca5-e142-4b9b-9205-7cc3f050a8e2,N3,25
da57ee03-7bc8-4326-a713-872d829e7636,N3,26
a9af6974-c34e-408b-b05f-6197d8e78c97,N3,27
00ff0978-b67a-4622-8534-4c21c5e8c056,N3,28
b136dca8-a11e-4308-9710-1d550ee6ad60,N3,29
bcc921c1-f325-4f19-953d-bf5e0d040d67,N3,30
50ef6284-6475-465d-9523-ec774330ad93,N4,1
397f0ef9-d3a1-4845-a8f4-172a4f2f231e,N4,2
410fa84a-fe84-492c-91b5-a9d34b8911d3,N4,3
999911d1-8806-4686-b636-721e38aba215,N4,4
1ee8bd5e-7a6d-4863-8c83-d76fd32715c1,N4,5
78a42ef4-b031-4f7b-8775-ae52baef78d3,N4,6
aa50f936-ade0-4a23-a9b6-0ac3ac40600c,N4,7
d82a6213-d73e-4023-82b2-f44387cc1323,N4,8
e76c934d-da78-4154-b676-8cb1e0ba8c17,N4,9
601ef683-dc26-442b-8831-d8f84a23650f,N4,10
b8be0dd8-2e2b-4eef-8627-40141339bf06,N4,11
c30fa6d1-f8e0-42ab-a654-33f42d75b3c2,N4,12
53486016-c997-49b6-b372-5875a7f4337d,N4,13
f43192fb-79a9-45e1-9d0b-c9baa7927044,N4,14
ea139279-8f04-49d4-8cc4-01d81c886686,N4,15
bffed6d1-5422-494e-9d34-5df136138d61,N4,16
03562e78-f124-4284-8973-d36b68f2041a,N4,17
27f32580-1f0a-427a-a6e5-3bb469015ff2,N4,18
4cedfad0-7554-457d-b297-5511380fdca3,N4,19
7ec116ff-02a7-42b7-b9a2-4288d5a578d1,N4,20
a1ff161b-bd99-4cb1-9c74-e501c20c8170,N4,21
9471b192-ec92-4a64-ac15-0cf59c4c1523,N4,22
a8d32b50-a6e5-45a9-a353-c6ef341ccaaa,N4,23
1d223d61-9791-4ea5-b3bc-f23faba16d9b,N4,24
16990b53-e052-4731-899c-12de025afad0,N4,25
dbc5a258-bc9a-4565-9ec1-042f7ad1548c,N4,26
e3f109ba-9b88-4bf3-a257-3ccbc5a99683,N4,27
7a9aeca4-6b9d-4c86-adcd-09bdab522042,N4,28
5cdf6989-7f38-492a-9e29-b31212ed937a,N4,29
1f01d9e7-9350-48ef-ac23-f984fb345752,N4,30
bbedea9a-e4bf-48cb-af18-73c27766de80,N5,1
a4cbc2cc-713f-4288-9fe6-b00553be2df0,N5,2
acf61f67-8200-4a4f-9ed3-f6b7a4afd75c,N5,3
4f9b55f0-766b-4b7e-918d-617b42cc41dd,N5,4
bec5cf39-1222-4bc6-b270-906848f4112c,N5,5
8252665e-d75e-4ab7-bd2f-b9db7fbbf0fb,N5,6
6fa9c664-38fa-4b8f-840b-b6136d8585aa,N5,7
b7a216b4-c36e-49ba-9951-dbe9c87ad7f3,N5,8
ba2cf3e6-1c48-4f7c-a53d-c789b731c3da,N5,9
019c28a9-82a5-402b-96c5-4bbe226156a3,N5,10
7b29e613-3ed4-449f-a47c-b92cef89e3df,N5,11
48cd4dfe-365d-47d8-b1ac-af14e07d079e,N5,12
94baa70d-0be6-4070-b938-b7e52600bcc1,N5,13
5be091ed-affd-45c5-8fc8-00a7526dd492,N5,14
f257083a-8fe3-4620-a144-a65e8ba0ee9d,N5,15
44d5afa5-c1cd-4eb6-904d-5147491c790e,N5,16
8ab44d74-8443-4f6d-952f-984003c55c95,N5,17
3840c47a-5d08-49ec-ae3a-a61a5aad670f,N5,18
a1b20825-86e6-416c-afc7-fb06e05d6041,N5,19
5a95f50f-9c14-4496-a512-4ff38ae0ad0a,N5,20
ec62eacf-5ea6-418d-a4ea-52bfcd0a17db,N5,21
600aaaa5-3f34-4799-a4e2-5b3350eb389c,N5,22
f5d71c8c-9482-4674-90c0-b2ecf8c1efd0,N5,23
76077c4d-c159-4d8a-8b65-ccac81a8f4af,N5,24
2efaab7e-0254-47a7-8ef8-12e5e1df7a33,N5,25
8fcd9d43-5edc-4ef6-851e-7363852a3e23,N5,26
74ac4127-24e1-47fb-964e-94af8911eac4,N5,27
75041654-f731-46e1-a09b-330d2345352d,N5,28
389ba7e9-4cf5-41e6-b30e-d36a68672a1b,N5,29
16825391-1a98-4303-b739-d592bd0084aa,N5,30
