abbd1b5f-1957-4159-8a4f-e39ebbd95387,N1,1
b5070a09-4b25-4d94-9d13-94acea830fc2,N1,2
39e06458-77bd-4ee0-96d2-7f99dc53ad68,N1,3
a8dbc03c-85bb-48db-87fe-84f58bd702d7,N1,4
754166db-974b-40ba-99cf-5c82c174ae45,N1,5
67f5d974-ea54-4406-8963-63a2d104385f,N1,6
f5a1c031-0d3b-4269-8b33-53712f5334b9,N1,7
5fe711c6-1a67-4a70-9790-6bad874e4808,N1,8
9c88e819-cab5-4572-8bbf-a32c721a84fb,N1,9
663e3f61-a3b7-4eb3-94bc-1a667cca3dff,N1,10
f8b6903f-180e-4cda-a34b-3abcd35ecc39,N1,11
546d83f4-4ec4-4021-8927-fce5ea45217d,N1,12
db7cc8fc-1682-4971-af41-c8121e1fe901,N1,13
648ab4f0-ccc5-4a13-94e7-cb4c08acca6d,N1,14
3189193b-84a6-41aa-a59b-894bef4530f0,N1,15
01c46361-19fe-4326-bc28-4bb2f9fadda0,N1,16
6e0f4d2c-12ed-4614-be7e-0309a88d484a,N1,17
d34f1147-2769-49ce-b6ea-663e97fb4a59,N1,18
bc907d3f-0528-440c-a9e1-aa67263ea703,N1,19
f6bb24a5-28a7-45fd-b845-b1b568175b4f,N1,20
5cd46b99-aa3f-443a-9a94-cd680144623a,N1,21
630f596a-601e-4468-b293-9de54b0032bf,N1,22
70693006-301f-41d1-acec-61d6a421119b,N1,23
1d38364b-2d04-46d6-9127-4c149073164f,N1,24
bf5dc020-5954-47bc-b6c2-d76adf26fd31,N1,25
facf27ef-da69-4933-a9d1-7bf4c078dd8c,N1,26
d3da6c93-d0d8-4eb3-9c45-e9974c0a2120,N1,27
71f64d86-7653-45f9-8364-f2f137c2ed46,N1,28
4d1a233c-fbf7-410c-be23-ba2e5cfcb0ed,N1,29
28ff4fad-b585-4bd3-9b8b-8db21ce68864,N1,30
44e20bc0-511e-47a6-a7ec-4491f05dfcd4,N1,31
86b2eb76-4e21-4c9c-9527-3406cbf2ebc0,N1,32
dfd3ab46-4c60-4c86-b05e-e27a384ed269,N1,33
7702b8ab-7595-4074-b879-e069d646f33f,N1,34
038a68fe-1400-4307-b14f-5822dda72c41,N1,35
2f19e021-5ef5-4859-82f9-8f110d027064,N1,36
f372c9a9-c40f-4e7c-b4cd-d0d04765bd62,N1,37
26461175-6a1b-4625-b517-537bcab9110d,N1,38
e512ce15-7b75-47dc-8184-92faf88334e0,N1,39
8265060c-ef90-4c5a-b499-8b324dee9b7e,N1,40
93dfdd78-1a7b-4918-960b-d92f900965eb,N1,41
f7b0803d-ce9a-4822-abbd-4b74d8c7db3a,N1,42
84c9961e-dadd-4409-888f-abf22072524c,N1,43
38aa3695-cbef-4ea8-87d8-6102408bbf5e,N1,44
24dd70c2-65f9-411d-9dc6-339393068860,N1,45
934c1a3e-7b29-4de3-b2b0-c423f0084ad7,N1,46
594f369b-9214-4c59-ab02-2f33671964d3,N1,47
9e499c8d-5b1d-423c-8d40-33d51a5e9670,N1,48
fbacc464-7189-435f-b4f5-dba657ce6a1a,N1,49
2e6bf9cb-e28b-4391-92c8-cd51106905f8,N1,50
81732cfb-43a3-4dc8-8709-d5319d2315ce,N1,51
d1a2c178-b7af-4684-af2c-048cc3b5fdde,N1,52
2eacb493-9600-4add-bffa-4508031ce29d,N1,53
f67cf2e8-313e-4e03-bfe3-6c5e07b252c4,N1,54
1ef1a371-4c8b-4fdf-819d-3aaa3ca5069d,N1,55
a15e8720-fa99-4f30-938f-0ecb67728c44,N1,56
1dfdaf4a-7e1c-467b-a6e8-596afae947b2,N1,57
3cee815e-fe7c-47ab-8763-ad7cf2706da7,N1,58
b5898ce7-e7b5-4a94-b4e9-05ded917c4df,N1,59
6daf5527-dbab-4bcd-b441-f940425cfb63,N1,60
4118a366-cea1-42d0-91eb-c2ab9127fa26,N1,61
3a4dcca7-f0db-42f1-b7b3-a4669e5637f6,N1,62
e8e39340-9423-4ca1-868f-0b4621c75b20,N1,63
479fe511-539d-4179-92d2-8b9ea2acbc3e,N1,64
31c47cc9-25fd-4e68-865e-956028a7bdbd,N1,65
5adad7c7-e2f1-4be5-8472-7b7803353838,N1,66
470d2c4d-0360-4af3-a63e-906135bedd0d,N1,67
cf6a8699-df9d-4344-953b-deecef674b58,N1,68
d5955b6c-1c17-475c-be90-a2afd1577ebb,N1,69
9d829df3-0e0a-478e-aa16-dbeb9923e50c,N1,70
f5b9415c-17e9-43fc-ae97-4e93ed3170ad,N1,71
6f660682-2e32-4ed7-8e86-66d8f479c119,N1,72
473a0c2a-dfe6-4f4b-912d-9bf81a11e0ea,N1,73
a2549b67-3f5c-462a-964e-ac032bcf9d4f,N1,74
ca4fb2b4-920e-4ff8-9c82-7aefa0f6756a,N1,75
a9fd4c52-53e1-462b-9e36-b4e8057c38d7,N1,76
cfaeb28c-0ec7-4adc-a50a-1a3a0bfbeee5,N1,77
b85cce85-fded-415a-af93-42245005ad31,N1,78
c4627981-3f4c-4ba6-a8a3-8fa99842b3b3,N1,79
8f1081da-fe7e-4962-b0cc-2075f825542d,N1,80
9f2c7bcb-8991-4fb7-962d-e366dc56a344,N1,81
a8570c69-af9e-4e41-837a-72c551e2435b,N1,82
7976dbed-718e-4310-bd80-fb49d76bfd72,N1,83
d7a1d4c3-7a63-4ea1-abba-4cae77029ffe,N1,84
3978b072-3d52-441f-ad13-b71ba76a8dee,N1,85
835b5363-1de8-489d-a647-d37b379b1d8e,N1,86
af3abb4a-f3b8-4364-afd8-54a8b07393b5,N1,87
d74b2bae-04aa-4f4d-82c2-cad8cb489c68,N1,88
db6adb98-f36a-4cab-8630-69c76213204f,N1,89
1cb0d747-aaf4-413b-bdf5-623d15b0a7e4,N1,90
2743cbed-16d6-452a-a2fd-94a84a23d933,N1,91
f42dd347-b0dc-4250-90f3-cc9e21551858,N1,92
1746e6b8-8157-471b-a71a-5530aeaeb8b8,N1,93
ddf18260-eb02-4f1f-b629-4399e1d34113,N1,94
a844612b-63c3-4a44-9755-8862156ff6c4,N1,95
5d35e334-6a8a-44c4-b394-4029a997861b,N1,96
8aebf493-492c-4110-9013-2363f9db31d3,N1,97
703413c2-d45d-49a2-b66d-c00249135c9b,N1,98
be07b70d-f3a4-4b5e-8067-a3a39590f7b3,N1,99
52732cfd-e105-44c6-a16c-83cb3a7abd50,N1,100
d4932176-ccb0-488c-913b-f8560f7d3bf5,N1,101
d057b066-dbe3-412b-b17e-b09988101b05,N1,102
807eafc5-e2d0-4424-a8c3-ad1748d77cbb,N1,103
b9238934-5f6c-436a-aabc-21672c08151f,N1,104
1e75ca76-2585-44a1-8c44-c354add23916,N1,105
5c915124-e674-4db1-b48a-2d9f1e0c6563,N1,106
8f9f0bf3-8505-475a-9e60-77cb2cc67170,N1,107
dd97f7e7-9030-447e-9e91-af7a2cb4625a,N1,108
7436a67c-4b5c-46ae-a9d3-ffa63a8881d9,N1,109
b776c567-6f69-45e2-b045-c2fa5a50bb2d,N1,110
3e6ec40b-52d3-44bc-944b-41d2564fefb3,N1,111
9a8437b6-8616-4ef9-aa66-e6eebb1187fd,N1,112
39478a84-5be6-426f-a12a-590972762d8a,N1,113
875d4850-c444-487b-9bde-4e10d2896f9a,N1,114
b82196d1-9137-4f19-adc0-0433e7d9d68f,N1,115
80d92ff1-7ac0-4365-baf6-8e667cc84061,N1,116
b3f075a2-deb4-44df-a8b0-3d47bb667ba2,N1,117
facfdbf3-c4f7-48bb-8dce-10d6492016c9,N1,118
2c922c68-5584-427c-924a-0c4862f983ff,N1,119
0d2d045c-25ff-41dc-a13e-06e0ffa377b2,N1,120
e6a38a3a-56fb-46a8-9b81-39227ce7380d,N1,121
86ae465f-0fe0-4e26-9ebd-27b680b00f36,N1,122
cadd8fc3-162d-4c39-8d96-ac08077b2a98,N1,123
a6e9ecf4-b1b3-49d4-88fc-ce21d11747c8,N1,124
376a7e27-8861-4f32-9016-8fbb37834ee2,N1,125
54f3fddb-8bd0-4e46-b22a-3dbf88b6e78f,N1,126
09e888c8-812a-4418-b291-cd46b78c509a,N1,127
b2851517-1704-46b8-95d6-ffd54e51c839,N1,128
e937da01-df97-48b5-b056-9a4f89cefb09,N1,129
e7e6bd68-4a2b-4a74-92fe-967f39d82911,N1,130
d2e7255d-83fd-4140-a1b0-5b60a059bb2b,N1,131
d5b67cc8-fe92-426b-9cd5-afc34b5b70e2,N1,132
f44cddd5-fb69-420e-91a7-507244845f3b,N1,133
98c57888-b118-4f1e-bf02-41cfb28ea05a,N1,134
d94bc398-a1b0-4a5e-ac61-f22fe89ded60,N1,135
0a44cfb9-7f5b-4600-b847-48d2a6a1242f,N1,136
730f1328-5528-4283-9def-4d896fe44319,N1,137
13adbc43-abc2-49b6-9d50-f659bf226b82,N1,138
ee4cfa7a-c99c-4b1a-a2ec-3b722fd08b44,N1,139
5afe7249-3fd2-4f09-9dee-5c67190b3c36,N1,140
36d39054-4ef8-43c5-98f6-de8b6d14e71b,N1,141
8daaa357-045f-4334-a6cf-24a2ea880a24,N1,142
bcc62014-f6ca-45ca-89ab-dd55da7b7954,N1,143
74443b7f-b684-4ac5-b416-bd3f37ee4384,N1,144
5badf0e4-cc94-450a-92a2-28a1fe7235b9,N1,145
9b1d8a19-5d58-45fe-a948-7c72b786d0a1,N1,146
331e05d5-c292-4012-9c88-cc6512c16d2b,N1,147
922c05f6-483c-42bd-ad7b-a865de3a1350,N1,148
a6a50ac8-77ff-4aef-a438-28160366a3eb,N1,149
692b667f-eb2b-4d95-84d2-8e1c0730e661,N1,150
614684b5-db1f-4835-aa38-ca46b5445e0b,N1,151
f6ffa399-fcfb-4e95-b462-969752c6a9ef,N1,152
c8e99209-46a1-4f0e-a0b4-1d3728a65e0d,N1,153
26be1fd9-39ce-4f75-aaf5-e48f3e3eb8b6,N1,154
0125a796-513b-4b55-86ef-975b09175e0e,N1,155
20fcb811-cd37-4c49-bd6f-d336f7870d8f,N1,156
0f9ab5fe-8b03-4fe9-927b-bc4db5456c09,N1,157
a7378345-8640-4c8a-b357-30855f9e58a1,N1,158
645351b3-a963-42ae-b6b0-572567749a67,N1,159
4183c347-d226-464a-af94-b7f767df1d84,N1,160
8f18c833-d838-41f4-ac26-3623f541968f,N1,161
8e82609c-17a4-43c1-944b-1d8bd7a60357,N1,162
5ba9e840-f82c-467b-8d43-0e3f777c0e46,N1,163
5a88ce87-a92c-44cc-a54a-cb3482287203,N1,164
3d8cc85d-8a8d-4f02-824e-5284e3cbd159,N1,165
86492ac5-e9b4-4549-ac51-15c60983b3d1,N1,166
64299da4-2fe2-4c9c-83d1-fea5cc4ae456,N1,167
0769be59-9395-4fe1-a1ef-43502d0e8bec,N1,168
ef15d4dc-ccbf-47eb-8f14-ce5220072b0d,N1,169
b4eca7c0-3433-4da7-9d81-c03a55cd9c8c,N1,170
f881c858-4140-47fb-a153-6125256229d4,N1,171
fc021b3b-f127-4c98-9c18-f3fafb5dc289,N1,172
4c6a437d-a4c9-4cc5-8f23-13c5574ddcb6,N1,173
66284a42-4bc2-4263-9484-b65b8df49847,N1,174
b22eeee3-3c09-44ff-bdd5-445eb7c2c4cd,N1,175
78b2e017-f978-4422-bb84-3f54a6d60718,N1,176
06918482-2d1a-4fbc-b22c-9d53002ae811,N1,177
5979d738-6cc7-4b7b-8548-85c11190e5bb,N1,178
666563bf-a896-4d43-bc74-13d18cd0032f,N1,179
21b4f614-8916-470f-9e0d-01040c86ca54,N1,180
f5044471-5c37-4697-940f-ff786e2c2058,N1,181
3d24c296-1c45-4c37-83e8-632e7550b769,N1,182
6165b20b-7efd-44c9-ac65-72e2b67d2098,N1,183
0736c0db-27e8-423a-97f3-cb84bbca72c2,N1,184
a5e5666b-d7c5-4f22-bff5-fe46128ed784,N1,185
cb8a8216-3cc3-476b-ab1c-e8ab93cb3d8f,N1,186
8066945b-1ac1-4b0d-b862-a86951f2b2a2,N1,187
e1b14c9c-8b7f-43fa-a671-6afabc07596c,N1,188
37908f76-9941-4a08-9d15-c0f21afbf520,N1,189
3832533b-6b11-480b-bc05-4b2be9cca8cb,N1,190
35447a92-212e-450f-91a9-1e66a9cad0bb,N1,191
a5c4e3b8-f683-407c-80df-60a29bab47be,N1,192
2fd2b8a7-3dc3-4277-86ce-443f450e1639,N1,193
dd3af259-a566-412b-a7ba-314aae71f4d8,N1,194
0dfcf4ae-2110-4290-877c-f895694e2245,N1,195
6c637768-bd39-4fce-b377-b242fee81bf7,N1,196
77cdf9ad-25d1-4928-b60d-94883dfd1007,N1,197
f63a53a2-6cac-43b3-abaf-ae1cfc648970,N1,198
2ab3183a-0af4-49c6-8fa6-890452bfbfdb,N1,199
7419889c-51cc-4b19-9986-a145cf705c4a,N1,200
27c84743-09d1-4819-8542-b420675c1f02,N1,201
9c0f36f7-2d41-40cf-9695-36238c863b5a,N1,202
2210c32c-a40c-4d19-be8f-d4d371f213dd,N1,203
57b5271e-d975-4182-bb11-b29b6fb0853f,N1,204
5290c2f6-69ac-4d91-afda-76846e826dfa,N1,205
94c68b04-800d-46dc-b737-815de7d0fea9,N1,206
6876cabd-a445-40cb-9746-d5e0d9835e1f,N1,207
343bc344-658e-4110-809e-dcea2038cea4,N1,208
f650c61e-cea3-48de-8b37-700b191951f0,N1,209
6997cd5d-e251-4441-bb90-ddb3462ba658,N1,210
45088f15-3d5e-4541-9a4d-e573dbb515ac,N1,211
18008bbc-242c-416c-9822-d5cc30a509cc,N1,212
a8329959-2191-4e79-abbf-7765e71a3341,N1,213
b79c41b9-aabd-4a08-80e1-c2affcf506f3,N1,214
7bcaa070-f838-4991-9a95-a892dd37fda0,N1,215
0981789a-cc7b-4066-95bf-bc113fd4e3ec,N1,216
f06cf2c0-2601-4f26-9693-33e1cad05f65,N1,217
6451860a-1aea-4b3c-b352-06a7a9db2b67,N1,218
f9321ad2-dd90-413e-9eea-b11bfa8cf100,N1,219
37317133-24f4-41d1-8114-7920ba3fd476,N1,220
53bb9aa6-4d5d-4fe5-b27d-8229f4d86450,N1,221
468b6130-312f-4e00-a9f3-de365b407a0e,N1,222
58334687-2adb-48fc-8c59-3c8dfed9be1e,N1,223
3acdbdb7-ca37-4027-b208-7365165dafdf,N1,224
7d736a47-a5c8-4f1f-a1b5-9bfc64188c97,N1,225
b248761f-fe7f-4726-9da3-cc1e575b00aa,N1,226
ae85043c-488b-4f68-9a5e-96721cbf95ef,N1,227
c68c246f-0c2f-4007-a716-3f00597085ed,N1,228
58b5e255-235a-45f6-9624-a7fca964bdc8,N1,229
34c37353-88b8-4d3b-b9a3-2da613c1040d,N1,230
8d70ce4f-5033-4d5d-9a84-82b40fb5168e,N1,231
c152f7f7-9aff-4441-bf18-283c7566d492,N1,232
2c8afd5c-56fe-4426-acc8-cee295da19f3,N1,233
bc8303dc-d79e-4d43-86ca-cb33bebf2352,N1,234
3a357158-c8b2-4c06-83a3-4cf98ac06022,N1,235
8302ec95-fdb5-47f1-b9b9-e17595e56020,N1,236
f214c772-bfce-45c0-823c-0dcec0b72102,N1,237
15677f10-3496-4eab-a31e-67757e703333,N1,238
c696e64d-3005-4e0b-a5cb-2daf2a3df837,N1,239
11aff6e4-345f-42f9-98fd-246d348dfa99,N1,240
b8091d16-4a2b-49e2-89a2-691ba39cadd0,N1,241
b5d57935-84fc-4f64-b3b6-a220f74b1b85,N1,242
7a67beea-0787-43af-8b39-59322801a6d3,N1,243
1642650b-de2f-4682-bec5-811bae5e2dad,N1,244
219f7691-2dcf-4ad1-9941-c061e94fb974,N1,245
d1850ece-ee5f-4d9e-a4d4-c399967345a2,N1,246
90c64545-a1d6-432b-b418-048797825cd3,N1,247
5bed2598-6bc5-45f9-9c94-15515409b205,N1,248
9757028b-e2d2-4660-b9bd-92694f1b7fc8,N1,249
07edd896-12de-472a-b08c-d46536a26684,N1,250
820e656c-bcc5-4745-8df5-abb3db822334,N1,251
01beee6f-6b02-4bdd-8399-be1f78eb27a2,N1,252
31b72ac3-8f5a-47bd-9f35-bd72a16f3d55,N1,253
6e60fdae-f31f-4ade-b7c2-f31108a230ff,N1,254
0cb4b8c1-1833-42d2-ab44-44699bc6f659,N1,255
62cc2a3f-f5d0-4372-89f3-65a568254073,N1,256
9702f2b4-800f-48e3-a07c-89a8cdcb70bb,N1,257
c856ec82-7815-4a93-817d-1c204bd87f73,N1,258
3b27fc60-80e8-4ab1-8a46-2f9fb9f8d624,N1,259
4025d479-6191-4a5b-9238-3b400664c676,N1,260
850cfe19-042c-4c85-8a09-64b6c55769eb,N1,261
735b3403-a9c5-46b4-adfc-0120fbfbcfd3,N1,262
77d0dd1f-ba5e-4a4b-a83a-3bf8cbb839d0,N1,263
cb5409f2-b4fa-4856-8cc5-5dce8e6db86f,N1,264
abf8613a-7644-4cf0-a13b-2e0b6f349ffb,N1,265
d024f227-6c4f-49a8-b591-cca86503f272,N1,266
5aa16bbc-dde7-4e17-a6ae-d3d6b2b02134,N1,267
45488505-d7df-4c7a-86c9-fecf7ebd2507,N1,268
403eed9b-d76b-4e4d-9320-4c74a464af85,N1,269
48851a7e-ef6e-4516-8cf1-3502229b0fe8,N1,270
52a34a8a-ede1-4f43-8f80-ea2033a6b686,N1,271
6ed5947a-318a-489b-97f3-4660dd9b86e0,N1,272
3580ed0a-6359-4b0e-83dc-f76dfb9d61cc,N1,273
c7f13efc-b212-4a76-9d6e-07fd8d481bad,N1,274
a7e4cfb1-a4e6-4935-9401-e3e62c986d18,N1,275
74de9ead-fccb-40fe-9512-126d103e3dbe,N1,276
420a28e2-f40f-4edc-8801-ea968b6810cd,N1,277
ee83aad5-e567-4199-9f0c-55eb82c58f8f,N1,278
20b94de9-4598-4f08-a5d5-f2fd99b1645a,N1,279
5877a4d8-9aad-448f-a5b8-d86ba1ff064b,N1,280
d5c188e9-44c9-4806-adb5-b03effd19eb9,N1,281
a017aa53-84c8-48a9-b9b1-8a4cfd124ec1,N1,282
4cbe880e-e61d-4909-aa71-91921a39e4e3,N1,283
c5f34fd8-b629-4fec-922c-d5b7da1ace96,N1,284
e283341d-0358-450c-85ac-40bf68e17527,N1,285
90256b52-a673-4d63-bed8-90cba28a546c,N1,286
9f326160-070c-4ac7-9d21-ee83e2fd191e,N1,287
4bec8608-9461-4418-920b-7be1d780adfc,N1,288
a3a92141-a945-4b7c-8250-f2b4db650786,N1,289
38ee1fe9-c1ce-42b5-885e-1a8e034e4938,N1,290
6af509c4-c0e0-4d06-b855-c844e00260af,N1,291
1eeaaccf-38ba-49c9-a5cb-3edb3ae2f1a0,N1,292
c3e9f6e5-9b8d-41b6-aca3-a09b72e59da4,N1,293
4d6fa55e-a7e0-4471-9048-0a38e281bf98,N1,294
7833bf7b-1a4c-4539-b57a-3bc987024bd1,N1,295
0baedd40-a606-4e26-b9fc-52d1845122c3,N1,296
91533bc0-9213-4465-ae88-cae351167e32,N1,297
143cacb7-e1ca-4145-b98a-328717fd90dd,N1,298
82262142-3a82-4ef1-aa16-e2eea17f412a,N1,299
60874ea9-dcf7-47a0-88d8-25e7d4b41f42,N1,300
a898409c-fc06-4904-b174-ede7b1d241dc,N1,301
c9da6872-25f8-4d2f-9c4a-896534373eac,N1,302
8d9cf497-32f6-4073-8081-5f8951144cf3,N1,303
bddf22cc-1fd9-4f72-9c01-0a2c22280cec,N1,304
8876d0f3-d246-443d-9dbe-644373daedde,N1,305
97beab9d-c28e-49aa-8b7f-945ef2c274c6,N1,306
db39e51b-fdb6-4156-8fdc-c206cb240b11,N1,307
80db93fe-1a26-4948-a3e7-e62d267db517,N1,308
bcec0463-b493-471f-8f99-e70d00fcd8ed,N1,309
f339b16a-3e96-46f2-ab18-4d8af77f51e7,N1,310
a946680a-5750-4dd3-8a07-3c6112360011,N1,311
0781f94f-8710-428a-8165-e0a5907f6dee,N1,312
a8da03d6-3ec6-4ec5-af4b-a559ec2fd39a,N1,313
66c33c12-7214-4222-8e59-31f3316d1370,N1,314
2a3a392e-2677-412c-8e0e-dd071633059a,N1,315
48ad94af-55ae-449f-834f-65b6688053bf,N1,316
da5dd830-372b-4a99-a68d-3cddeb7c82bb,N1,317
a0ef3f0e-ac33-4cda-a0fb-3bb25938de0c,N1,318
6f5c7625-e56f-4d70-9f41-ea43152da7b9,N1,319
7699312f-c1c4-420f-9875-b3a6d3cd563e,N1,320
39acf7b7-a336-42a8-a0ba-7b1da68c9ff2,N1,321
fe1b37e6-b73d-4b8c-b671-615308253c0f,N1,322
b23a7675-3615-413e-8e7f-c6d02379205b,N1,323
839f1e39-647b-4674-ba09-36267b5f475e,N1,324
0034fdbf-5b42-43ed-9668-f867d364e80b,N1,325
64c4a585-1a04-4789-9574-ad012ac55515,N1,326
6bb6addf-e6db-4d57-989d-089f0e6c3ceb,N1,327
03945e0b-941b-4cad-90e8-447da8a6453c,N1,328
719462bd-6040-4daa-bbee-ebad7e04d8de,N1,329
0654511b-60c5-4993-a7cc-aabe8f9e4695,N1,330
397c8410-8a5f-4063-be04-6cdec544b27d,N1,331
f547f30d-1b57-4a11-9a78-2cfbfe76001f,N1,332
7b0427a1-33d5-4ffe-b269-bd7b1182894d,N1,333
62e3a61d-5988-4424-a313-269dd193cf00,N1,334
2df694d7-fa54-4190-b673-eb01f11d1f20,N1,335
9239b57e-ca8c-4ef9-860e-0ee02f8eb077,N1,336
a7305ceb-e346-4778-803c-d964e4c4a9a7,N1,337
d0d7716d-5d30-407f-bea0-f1206215c83e,N1,338
4592b6c8-6924-4503-8889-3b9535bed7a1,N1,339
54cee9b4-f994-499b-a978-de98aa8809d8,N1,340
1f087666-2c80-4df3-9f56-1ffdfdc1688c,N1,341
e47d526e-8793-464f-81e9-66088778b059,N1,342
d26b83a5-b6bf-424b-a4da-20a3ce096542,N1,343
7b7e9639-a2e3-4a77-8aaa-727445c15ded,N1,344
e679802b-edcc-4542-8dbb-9a93283014a9,N1,345
97486dff-05c1-45d8-b10a-52cc725ba47b,N1,346
943c404f-5748-41b7-91d0-07ca6520d4a2,N1,347
f20ffdda-aa07-4365-a5b4-a395a434b38a,N1,348
8e1ca593-6534-463e-80b8-b022db109283,N1,349
880144de-1b6a-4fe4-95ae-3ae31678b0a6,N1,350
9336904c-0471-4d78-bada-ba4c4b8e2bac,N1,351
0e649432-e91e-4f1f-8d29-4f21685991ac,N1,352
d3f48dd8-cc28-4626-ba8e-df2cacaa7ed6,N1,353
11e9ca90-58c2-454b-ba5e-beb867887b4d,N1,354
2fc12519-cc3d-466e-a869-edc1f5523034,N1,355
027860b8-e039-4dbd-954e-ee142c1e767a,N1,356
417a2802-a2cd-4f67-b993-2f35f1545af7,N1,357
09185c8e-1a26-4559-a107-3d1ac5f49b11,N1,358
a551f5db-a1e4-4ce6-a9bb-4f14e34cfff5,N1,359
b389a49a-501c-4f42-a46f-a9bbfedee286,N1,360
27415453-6543-4bcd-b6be-4408a8765e08,N1,361
f5161765-9e51-4145-b33e-8fd5bd703cea,N1,362
d71aabcb-d4df-4090-817f-6d8ab6bf2a82,N1,363
17e54026-8444-4180-9bac-d727034e0ccf,N1,364
97938c5e-ddd3-4e18-82d6-f718a17aa446,N1,365
65c5168a-be74-479b-b888-533029097824,N1,366
ca568725-8988-463f-986d-040fbcd11146,N1,367
8d7f7d49-94bd-4a82-a88a-49d90565ba4f,N1,368
54ebd821-6cb7-4d65-afa5-459088bcdcce,N1,369
d0be112c-9e5d-4348-9940-79d3a06d9c82,N1,370
63788435-a1ba-476c-855f-8f15f92e1349,N1,371
473b6228-d61d-487c-a406-c66198aa4fad,N1,372
7f471ad5-5de6-41ea-900b-882886a89f17,N1,373
858ede60-9ae0-4427-884e-533cf73c74f2,N1,374
6210cd8b-09f8-4c59-a21d-7be2e9726cff,N1,375
5d5d5507-57dc-416c-b473-3f2fd7a205dc,N1,376
2eea5184-d51d-4aee-ab9a-f73ad1e1f438,N1,377
2e0d41c7-e380-45d5-87e2-2442622ee56a,N1,378
18b77981-c8f2-42bc-bd0e-7c54fbc296d1,N1,379
73e43f5a-d89a-4a72-a012-174c6fdccb7c,N1,380
4aa74440-0fe5-455b-9704-b77044202145,N1,381
e42e5b94-9066-427a-9913-73be3318e8a2,N1,382
d0302123-5d00-4029-9cb9-8cb8020de9fd,N1,383
0d336909-9f22-469b-b05c-4a9ee7c87daf,N1,384
e6d0d152-c8cb-4634-9ece-95f7f79be1c0,N1,385
3d22bc41-ddcb-436d-b0fe-314b9429e656,N1,386
8627929d-fb4e-44d3-a387-4c84422dd938,N1,387
d2c9d47b-9f42-44b2-aac9-eaffb394ff6d,N1,388
1447a560-352b-4b5e-b18d-061308d970e6,N1,389
d4f76995-3bba-4bb6-a843-40bd2fd4a7af,N1,390
d73f15f0-fd10-4eed-8df2-5637fda85315,N1,391
63c82b2a-a2ee-41ac-9de0-301e19513b3e,N1,392
2f542ddd-23bd-42fa-9464-c6a3f7ca0d2b,N1,393
17a7b10f-e528-421d-bacb-092ae9e946bf,N1,394
c35deabe-22a0-4977-94b7-ffcdcc9c409a,N1,395
932297b2-4a60-4567-be76-73efd4596e62,N1,396
68d2205c-cc4c-43eb-b01c-ba8512b79305,N1,397
f34da0d8-645b-40c9-a16f-25913a63d882,N1,398
ee4bb48d-3987-4120-83dc-fa7123d68bd5,N1,399
005f8490-b8c7-4cda-bcd2-b958817d4b44,N1,400
d03d4306-9fc0-4c65-9d1a-fc63613fa036,N1,401
30d08cd0-6e04-4e5d-a3bb-2fd3d4dc6444,N1,402
7e9fe8e9-74b6-424b-8881-0039d3effd2b,N1,403
2446b740-22ec-4fad-9f05-0531cfd30ebd,N1,404
772cc9c8-1118-4591-b450-38adf29bdd81,N1,405
fdff9b5c-aeed-40fc-b78e-30320d5f9038,N1,406
811fbe43-13d2-42dd-9baa-6eb46c1ef6e3,N1,407
948d5290-a649-4cd6-a888-dcbd2df6a23d,N1,408
f20dd3a2-2aa3-4b45-a131-9fd74c58c636,N1,409
9bc52427-caf3-4000-a327-f1ee1d012ee0,N1,410
fe97ee26-728d-4a63-8849-07cfb6b2320d,N1,411
9e3cec7b-91b4-4447-876c-8d367cee981a,N1,412
a5c5f122-11f6-4a6f-a939-4b861ffdcd3c,N1,413
c20bd91b-6cf8-4d8b-8aa9-5550244e09c4,N1,414
c3d858ff-f3ad-4f4c-af70-f70c0c3ec88d,N1,415
9fdbdc4e-33c1-4cb9-bb8f-5480149f0790,N1,416
86a4e69d-5f6d-4d59-a230-10524be17b35,N1,417
057be1fe-aa3e-464e-9158-324be432c342,N1,418
0ff12d93-e418-4869-be14-fbcd41614f3a,N1,419
dbe06736-9d4e-4532-85a6-b3ebccb9c6b5,N1,420
ee546aaa-8d45-41d9-b095-76042f107024,N1,421
d05331f1-dd34-4768-a4b9-211271c7f0af,N1,422
76e8ba31-8474-4dd3-8d0e-33d9d8b37ebd,N1,423
8b342c69-0b12-43b1-bd39-7fcd2f384464,N1,424
765bc57e-cc79-41ef-b430-25cb73074fa8,N1,425
d8b3214f-edd5-41af-ba12-3d2f8ad0542d,N1,426
50514d1c-2cbd-45f9-bc7e-9c48adcefe35,N1,427
0509e67b-1248-4fa5-aeca-f032f712cef7,N1,428
c5e2a273-68cf-4e5c-a2fb-fc019811f86e,N1,429
7b54cd30-72e0-40ad-b1cc-4689f61949f7,N1,430
1baad1d9-4004-409b-bb7c-85c21df3fff5,N1,431
8534bb74-0a39-4390-b503-98f33ad6b054,N1,432
504ffd3f-1a1a-4f85-8397-f61424debc4e,N1,433
847a2183-b0d3-413a-b272-f20d38a4c22d,N1,434
4c4aa93b-2628-4547-a6b4-789e115d732c,N1,435
3a314d5d-abaf-49cf-9fbf-3f3adc68d2be,N1,436
51ca9bbf-1751-42df-917b-7eed7f4348e4,N1,437
9e7ec1bd-36e7-4e5c-8750-e40f4ba2bf19,N1,438
310dd145-09c2-4d58-91fa-fc64edcf8a4b,N1,439
cc7f50e3-5f08-466c-8fb3-99984149b693,N1,440
795de320-e3ee-4510-8ed2-a9eb229f4182,N1,441
bf91021b-4094-4490-8d5d-217e5431ee65,N1,442
9c5b8663-e411-4fff-bdd5-dc1b8918dcb3,N1,443
54cfb94d-524e-48d4-8730-2e4ef2c65122,N1,444
0a413f21-c6cf-40ff-8962-3862e13f965e,N1,445
c26bb03c-245b-4c2a-8a4d-f2bac1968c5c,N1,446
9101496d-bcea-431b-8327-2f62c3f08b47,N1,447
ad538015-8c3d-48f2-a81a-88deba59040a,N1,448
ec941dc0-5ab9-4e5f-beaf-d34cdaf4a4f4,N1,449
440c9356-984c-47f5-9d36-af6d6004d612,N1,450
04dfb2ad-f805-4738-886f-4894f1d59697,N1,451
15fae626-ffde-470f-90fa-28f48089cbe4,N1,452
7e839daf-505e-4585-8449-2ee6eab228be,N1,453
b95c97bc-80c3-4347-9662-d26a1f081324,N1,454
2f672720-455d-4bd9-8c64-a2fcfeff789a,N1,455
b8a43693-712d-44a9-8501-0c811550ae4e,N1,456
7a08ceee-a38a-42c7-9234-5eada5692447,N1,457
997d2c1a-7b44-45ed-ada8-4664735638a7,N1,458
fc3b8699-c32b-4e44-992e-e86d67fc8ada,N1,459
db810dfd-7978-4dbf-be58-c8341100d453,N1,460
700d259e-6fa5-4c5c-bb5e-dd92e78974db,N1,461
c38c09bb-7075-49ea-820d-72a3d779da37,N1,462
cdc09995-143c-4d89-9133-1b8d99f3c591,N1,463
26b32c72-9154-469b-9e53-0c53a14b6519,N1,464
2263f544-532e-4e21-9cc9-e594c57ab880,N1,465
6a84de97-677d-4ce2-a33d-ffa88b8499fa,N1,466
1645cc45-5bad-499d-ba4c-6e7183032ae3,N1,467
2832ff0e-b3f1-40b1-89ce-0fc7eb9e02a3,N1,468
688d429a-96e6-4a93-9bf7-3f4652cc70f5,N1,469
e22cfc2e-407e-450b-9873-6aae822d5c15,N1,470
1b232134-ec08-4fb5-96a7-b8110b04edb1,N1,471
e574e81e-4cf0-40ba-8cac-bfc369ade1a1,N1,472
d48b8fc0-919b-4816-8ecb-fc537830b75e,N1,473
f2d53819-537d-49d3-a1fb-2e6e228da319,N1,474
18f75b03-c105-4bf5-a4aa-7108dd480a4f,N1,475
2df43dbd-dca1-4ba3-ad09-54e00d619b8e,N1,476
f63c7a71-c556-4e29-9539-e148b7d6389c,N1,477
edc8027a-58fc-43ea-aeee-81f686c3d62a,N1,478
1311f4ba-bdef-4ebf-8470-430fff5f8037,N1,479
be65ef0c-ec98-4508-8fb8-cffd620cf393,N1,480
d352ce23-eda4-4257-8075-c3214b92098c,N1,481
8ef3970e-7c22-496f-8fb9-8bf92de70346,N1,482
827254ed-0923-4881-b92f-3d3f101abfbb,N1,483
7df2b1bd-2b14-45a8-a86e-d1f5d5d729be,N1,484
c8dcfe58-13c5-47ea-b026-1cab378bd784,N1,485
8ed3fe20-1c17-4e93-8188-bbd54263e605,N1,486
ad4e6de9-fff1-4008-b602-c8b5f9fc1554,N1,487
65991040-8719-4bb5-9230-0406457e7a05,N1,488
ecbe2bad-1aed-4336-8cb7-4844906117a1,N1,489
48968d1b-a2d8-4605-a9a7-8c2a21992041,N1,490
d89b59e2-709c-4d0c-8917-107bdc134751,N1,491
e5b0f4a5-0267-471c-a2d6-9a17fc58347c,N1,492
6c4e8362-382b-4bbb-ae99-cf195abe0744,N1,493
8f03ae26-594d-45da-8a63-1b258a54d02b,N1,494
be1307df-d34a-47f1-9981-a9ed6e160e02,N1,495
498d0e2b-d983-496e-889f-933cb0c30c90,N1,496
fe19b2e0-dc0b-4744-8269-4409bc5060c0,N1,497
ae1e611c-f38f-4977-8b92-a2960e064e6c,N1,498
6664637b-50d1-4589-95f9-5de004c8cb48,N1,499
a10694a2-98f9-4470-91b2-625a17cac3c0,N1,500
06205805-185c-4e51-8c31-85b60841b892,N1,501
d0c950ad-40a6-451c-bcde-2b1cbc52e405,N1,502
e7bcf921-458b-4854-a839-8ed7a3452754,N1,503
2c6ec1f0-1663-4911-a14b-08e37daf6d07,N1,504
1eec6854-8576-4053-ad65-9e09fe70a22b,N1,505
2d195dd3-5acc-47aa-b0df-bd9a38fb9f16,N1,506
5f8c2e83-9db1-401c-866a-10f373159bbe,N1,507
85d831b0-d427-4de4-bdc4-2d41a705f7a6,N1,508
4daec152-c4b5-4aca-8833-4af0b686c954,N1,509
f4613529-1244-4940-9e39-0a0d6ca828ea,N1,510
305a4624-b07a-41cc-a25c-63743ef3724f,N1,511
df2ab99e-e4da-477a-b174-17335a2a4755,N1,512
5e05dc46-7aff-4255-9bd6-ac4febc9fcc6,N1,513
c113f76d-cffd-42f1-ad1b-5cdb639f0131,N1,514
6aa9531f-2737-4552-8ba8-685ad0d307b7,N1,515
f14fd3f7-9702-4eb9-a27a-8bb7a51c7f93,N1,516
38bef8a2-75d4-4ee9-a5a0-86d86970adb1,N1,517
6196da78-1caf-41ad-9314-13c62c6d6f9d,N1,518
84abb7e5-3bd7-4c1b-beed-77e281efb1c0,N1,519
b38e9a92-9703-43a3-acca-d317010a2b97,N1,520
5915a0cc-04b1-4ce8-bf2a-0bdc30d7a05c,N1,521
04e7d309-8a5d-49be-b06e-ad5b0526b07a,N1,522
f947be24-efad-4266-b63d-28e49e0fe65f,N1,523
9235fc9a-bcb1-44f2-aee3-e8ec8b4dfdb7,N1,524
8842ef60-241a-4475-8b73-1109edf9c4e5,N1,525
70b02fb7-d96e-4aea-8bec-98c9400eaa7f,N1,526
8eb06fcf-a3d6-4a45-b285-7cdb1cf65904,N1,527
5719d7b2-25a9-4496-9318-b39bd3607eb5,N1,528
b66d1762-811e-4f89-b6ad-5b4c299f4db9,N1,529
9573993c-8c92-4462-9b6d-12c9d0d675a5,N1,530
f23db895-9e16-4152-8f49-f4c9993a2b56,N1,531
c24b2fa9-7acf-4e15-b62f-7fe83e11e440,N1,532
302543e3-42f4-4476-bef5-7d40658eef82,N1,533
5d608190-6481-45d8-8dae-602907e076dd,N1,534
e12d1edc-d831-4e9f-8fda-00718499c39b,N1,535
a0b253f2-8ba2-4373-a902-155da7bfe585,N1,536
c73446dc-66d1-4ca6-9699-1e301d3c8757,N1,537
956910d8-928e-4423-8364-650383336724,N1,538
f9325e09-0cdd-471e-b091-c0a986132249,N1,539
ac8350b5-7462-4466-ac4f-b399561df6dc,N1,540
6e74b881-7849-4fe8-921b-8fa46a029c40,N1,541
bd1c2044-a1fb-4dd2-be2b-a385b4e3e7b5,N1,542
85f0ed03-1567-4372-8323-245f920245ed,N1,543
35dffab1-a862-406a-9f0b-909333569b76,N1,544
e67c7781-f8fa-4779-8825-20897f4188a7,N1,545
89971879-7eac-4947-97f9-c7dd30f96810,N1,546
13bc0c3a-cef9-41a7-80fe-957f57d5858d,N1,547
092d2511-0d24-4c08-91f8-f16b568d6cd6,N1,548
a4cee1f2-8f16-42e9-bd80-4abf73bc2589,N1,549
729510ec-d410-4b66-99a7-6be2f07ac064,N1,550
8de1d242-6c4e-4d59-b08c-4d30ee3fde17,N1,551
d5b53ccd-105f-4b04-8bcb-20fc1262b43e,N1,552
a865fa11-5d97-4194-ae9b-43b61575f862,N1,553
015dcf00-7ca3-4253-aade-0e3579f294f6,N1,554
91bf3d0c-f705-4517-8ca1-c0ffd5a28626,N1,555
93b11a60-3667-48c9-b45a-db83612680bb,N1,556
f0ee9152-5df7-41af-bb58-5835083644ce,N1,557
fc54a936-68e0-4d25-83c9-e388fe8f69da,N1,558
389690f4-462e-4d43-97ec-1f28aeb3ea3a,N1,559
a0a083ed-c374-45d2-b503-0852621a7280,N1,560
bbecff98-01a0-48de-abca-64b4c0febd6d,N1,561
1cce6aa8-0f1c-42a9-af56-2bf5262a6174,N1,562
2b3e15d7-6b0b-4683-9394-c4f89828afca,N1,563
1b4294e2-60b8-4524-bfd1-48d5d92c439d,N1,564
f43f1615-d261-40db-b891-635382c08f6b,N1,565
1ce9a5f9-8c7e-4a13-84a6-fcd5aeb68c8c,N1,566
8d418230-f51c-4c21-bcd5-ad2cc7ab1aa0,N1,567
688a96cd-4572-4251-bde0-37ef88f1158b,N1,568
35f4b7c4-6f41-4667-b10e-149493a7accc,N1,569
1e85eb49-5553-4ea6-a7b4-a448a4b3c615,N1,570
6a9e454d-834c-41df-900d-ede84d9af422,N1,571
b37fa5b0-758c-4e3a-9630-6a78db082e29,N1,572
cc4765fc-f8a7-4d21-a4f9-f26f2c7a2edc,N1,573
d4e826cd-e255-4649-a1b7-ad2039149581,N1,574
6398c093-a288-4ed7-8d1a-74fbf426f6d0,N1,575
67888969-7e41-457a-9a9c-80e29e3b3a3f,N1,576
7cb51d12-ac28-4e38-9d19-f660dcff6136,N1,577
8c8bcfe6-be9f-4cca-8b6b-5c0938463fb4,N1,578
d7e8295a-a8a2-4595-88b0-b7d1a3e05a81,N1,579
c03ea2ee-156c-4685-8577-e1a346f76293,N1,580
e97b42ce-029b-4fb1-9915-189af8c61088,N1,581
27424c58-111f-4934-b6de-08ae606c44dd,N1,582
091dca2d-a0c5-4b8d-8fe9-ce79b96e1424,N1,583
66c5f4a4-ce14-4189-8aba-92d06f60c64f,N1,584
57ecc98f-1c2f-4f09-8832-23ff7011b704,N1,585
180bc9b3-248d-40ef-9b05-42fdf6584ea2,N1,586
d3d0df4f-a56c-4efb-a97c-724ef703a5ab,N1,587
0a544f36-b0c9-41c1-b74c-a8f1b2c0fc75,N1,588
52920ba1-a57b-4514-b252-e019d7bd0a81,N1,589
10cffee5-4020-4b42-b597-00ee47e03d81,N1,590
d898140d-32a1-42b4-bfb8-ddec2efd8232,N1,591
fc47b6ae-b7fe-4c80-b475-d264ca31e70e,N1,592
60cbafd3-77f1-4371-b7d1-f06b73c79af2,N1,593
f8420e4a-ef44-4e22-90ea-2d170feadf54,N1,594
9887701d-de4a-44d0-9cf2-70e7e1774c86,N1,595
686a7747-8b40-4d68-8294-5c14c34052dd,N1,596
32eda301-e9dc-436c-b99d-22efdbdaf978,N1,597
96e3c738-b403-4b47-b503-feda61d81e9f,N1,598
7960ce6b-448e-407b-8aa6-5d95783fd7a9,N1,599
b83943ce-a201-4a53-ba00-504393ca4756,N1,600
0ad5eee3-83dc-45b3-9361-b86fb5c9a14d,N1,601
f4c4fa4e-73dd-4b5b-842f-846c7575d4a7,N1,602
5f278abc-d815-4dee-968e-ae5e7c258b62,N1,603
3ff29651-80a9-45fa-9d12-fe5e500d9fff,N1,604
921a918b-fcdd-4545-b778-3ed47d4c11d7,N1,605
e669ff97-ccf3-4f37-90d8-57d57177dcfd,N1,606
8180cf0d-4264-4857-a329-faab2276f771,N1,607
207f8da3-91c9-4345-ade7-3381973b3cd7,N1,608
44e70e27-0901-432f-88b6-f052782a5680,N1,609
2697fa7e-19a7-468e-ad08-3c81f18f4b67,N1,610
5398640d-2b94-4612-b609-c801c9c4d16c,N1,611
16037f4a-3a27-446e-842b-2a9e779e02cf,N1,612
9f604d05-6ad5-4680-a3b0-75838a9aee91,N1,613
f6df0d64-c930-4e26-aaf8-36f64176dab1,N1,614
dfaadde6-2291-47a1-854c-81d29aa6477f,N1,615
d8a6cf3e-c6d2-41dd-b2c7-2cd65f0eed84,N1,616
108050c9-eaa1-46fd-8b03-1fbabbdb3fd4,N1,617
e44a394b-6c15-4b06-b268-9a126b2e2017,N1,618
879d833d-097c-4c83-b874-8b22afea22fe,N1,619
646dfc3b-de5d-4133-b665-538442a890bb,N1,620
656ffbc5-3842-4b6c-b969-96ddf0e6e9e1,N1,621
3e0c8511-39ca-4070-817b-f2af3c4d0200,N1,622
394dafee-9e16-486a-bef4-e97099ce7f2d,N1,623
e4b3ee6f-6f96-41a8-b533-aeb765e9b447,N1,624
4461576c-047b-47bf-bd61-95f88cc7dd31,N1,625
7b0e4ab3-2198-41da-ac0e-ee0fe17d407e,N1,626
27bbf4ec-b318-460e-810f-9806149f7abd,N1,627
27a0086a-ba97-4aab-950b-1fe3d217062d,N1,628
54f503c0-0c96-4965-9436-83fe250725a2,N1,629
20f6da5d-7e98-4019-bdf0-21e44307f698,N1,630
df84f1bc-50c3-4060-8cec-77ba6e3eb668,N1,631
101cc793-7466-444e-b040-4454e4772508,N1,632
ce58ed6f-7be9-41c1-adff-0046fbce81f3,N1,633
8665208a-0d92-4c81-bec2-ca61ac0adbd5,N1,634
ac593fba-cb3b-4646-b7dd-fe5d4bbc0a9f,N1,635
2a023631-7110-4b19-8f1c-da53ea90f8c8,N1,636
3535e77f-2db6-4953-90d8-c9800331bbf9,N1,637
cff22a0a-4ff8-46d5-aa00-5b9bb36b8106,N1,638
759c2731-7f73-4630-8ed7-9ea12d85fce3,N1,639
5c5c32fb-e32d-4edc-aa31-bdd4bc66ae8a,N1,640
ca37e9b2-5506-49c1-b7fe-5e7ef7e029e5,N1,641
d6a6d03a-d339-465c-bbc5-81eed92ae300,N1,642
34b5ae90-2e8c-4a2b-bb89-a4bf3e4b9f73,N1,643
85463bda-2802-4dd1-a41e-c945ce77132e,N1,644
d978c441-afaf-4017-94e2-cc7e04ffab3b,N1,645
82b629ce-1994-4205-b467-bf9b1555d17b,N1,646
80b5451c-6cc8-4c3d-b187-bc9819c45967,N1,647
2aa92e6b-b023-4c14-a10d-0eb9ac01da06,N1,648
39775d2e-1f8f-42d5-bebd-5d31e61fcc70,N1,649
c7262046-f211-4be0-a9a5-8ab91467f851,N1,650
130ef231-19ba-4307-8812-33a12a3ce6c5,N1,651
d064fce5-183f-4acd-9440-37b9c1ce101b,N1,652
0c9e5f33-21be-4f0d-b350-08cd5c440876,N1,653
8b2d7cc7-7adf-43cb-8e94-ec4e61cb61de,N1,654
6ec13223-53ea-4619-8ee8-68c7fbec3b56,N1,655
36acce7f-d377-481d-bb34-ce2654142f65,N1,656
955d6642-2f28-44ca-b153-ab09c893425e,N1,657
3bfcc818-0293-4591-9369-5fe620ff4054,N1,658
8d47ac6b-0a20-4e6e-a958-a2acd9769e8d,N1,659
759e423e-8e2c-441e-8b0b-4242e3fa0fb2,N1,660
da86fc6a-6989-4ce3-9378-3ba8e3b718de,N1,661
afa2d6fc-1e09-4872-b171-7bfbb63b7601,N1,662
fe224833-7034-4eab-80c3-7df08582bd7e,N1,663
72901799-8cb2-48a6-b8a8-cd35f83056ee,N1,664
be9c0a39-4dbe-4d86-88ce-f50eea059bb0,N1,665
cdcf2313-dd53-4447-960d-6a62ee565c84,N1,666
f241be5f-6111-483b-bf9f-d6ee33e17984,N1,667
75f75ef8-da4e-4223-9d91-f7641281f031,N1,668
051517db-c594-47fe-8b29-50164a2c17a5,N1,669
a8d2adb7-f07a-4385-ab50-fb782f09d866,N1,670
aff858bb-d020-4812-a6a3-4d0836a2e35e,N1,671
6875bc62-f523-4b2f-b778-443a9f5ee650,N1,672
df4af742-2ed9-4ebe-b225-0e19451a1b50,N1,673
80769233-2f78-48d7-b84d-5ba4a30b2dab,N1,674
7295bcfc-6892-49ca-a1fd-e0dea3379615,N1,675
b6beb26f-6c9a-452c-a14c-536a028432a4,N1,676
65a33abd-1997-4864-a297-35f32565a99f,N1,677
161401cc-5842-4f20-9185-280467b6ed66,N1,678
0c6b60e7-a33c-4dc2-bdfe-297052b5de4c,N1,679
9d9e6695-9aa7-487b-8060-a69fce2e1640,N1,680
6600cbba-e6fa-4473-ae98-64e179791039,N1,681
eaf608a7-5a19-4846-aae2-f8ecfd5ce5de,N1,682
cbe93ef7-c2a2-4602-9ab5-f52326c9bc73,N1,683
faad484d-a812-4180-8c7b-d4ab8c23b7a1,N1,684
f3378d91-5e1d-48ef-bd8b-4db405e701f6,N1,685
5c43814b-fd83-4971-a568-e500c62ccb27,N1,686
a11d6d31-6320-465d-b5c3-6eb80ecd20ff,N1,687
51954745-bbc9-4457-947e-8b86bf1735cf,N1,688
690b8d01-433a-4614-a8cd-33dfba9caedd,N1,689
13a13d50-2f40-4884-a7cb-cbdead606ac5,N1,690
03624051-f26f-40c6-a194-0708e970591e,N1,691
363906a6-3042-4780-b74a-abf5ba10afa9,N1,692
3f86ab82-23f1-4526-aba4-58a7f2adbd64,N1,693
9d48585d-cda4-4a43-8398-4040f11af2ea,N1,694
5f9dffdd-2311-4e7b-b0d5-9353354c44d9,N1,695
a1a63452-6b2a-4728-b5d1-a45b0da7d513,N1,696
efe20026-a823-4ef4-8655-ba6c9e5571de,N1,697
510cb1ab-7911-4110-87eb-50b9095e2943,N1,698
414d419d-f186-4047-80aa-0e9df67728e7,N1,699
e4795d71-194d-4f00-b162-e91749afbb09,N1,700
a7116577-d197-427c-84a1-62b30e0393d5,N1,701
523ffacc-0f5f-4aff-804b-5c23c7a42c40,N1,702
37c1f1ce-210a-472a-96db-cdb1d41a9cdd,N1,703
48d6828c-427d-471a-8665-c710ce1bd956,N1,704
2a3c68ec-ed4c-4172-b854-5f1bf1cc7053,N1,705
c1f37e90-c2ca-4b79-a805-c9beaff23b33,N1,706
6e96dd27-6249-4206-b787-7262f7a454df,N1,707
6bed288b-343d-4b64-92f3-28691f04d82b,N1,708
8c8b5ba6-f625-4f51-ba0a-b31f32b44701,N1,709
78efb8fc-3e0d-4014-b852-b16f46775cd0,N1,710
bac9351f-2979-49d4-ba2d-d1e3ff085ada,N1,711
4929291f-534c-47cd-931b-f18aa4bf8229,N1,712
9c453d1c-cd1c-47f5-a875-3481b0ee4151,N1,713
e375a6b7-1481-4590-b58f-e958082d82b3,N1,714
f76d7735-998b-4c8b-8d41-aff8561e10a8,N1,715
c1194e04-a831-487b-a683-d65409e7d216,N1,716
d3fe0957-df17-46cd-b708-94d89488a75a,N1,717
a8ebc9a1-77e1-4cc5-b3e8-0206e3ea641d,N1,718
d32b26eb-6c57-43f4-8d91-083f17bb6727,N1,719
789146b9-33ff-4fe7-819d-e31fde200434,N1,720
aeb69b00-5d25-4764-9b08-1761d6bf93b7,N1,721
3a7fc5c1-261a-49b5-8a7c-5dda299bfc52,N1,722
adcb9357-93fd-48f3-86c5-2603c4d8d59e,N1,723
9e0a347e-925e-4c92-9e45-f018abf1df23,N1,724
7352275c-1ac9-4ec3-9474-3e6e2dc25317,N1,725
dd67aa2b-f8b7-431c-8adf-3a4255f2aaec,N1,726
e317b635-dd4f-4a0f-a0d8-fb2f4fe06f1c,N1,727
8d202d45-1bc3-4fd5-bca7-68b715ce7d95,N1,728
060323aa-215b-4a48-9488-89c52f189b38,N1,729
dd4fa418-af14-4134-a607-5b92fb71d20c,N1,730
c95e1158-a405-458b-aca9-87c89337379b,N1,731
2d552cb0-ddcc-4353-a532-18148dba3f74,N1,732
1fa24642-899a-490b-a2fc-fb453c0a922f,N1,733
5d86b332-7702-4676-a98a-fa5af627592a,N1,734
8d4bc742-36d2-48e8-afa7-e33db0ed1e11,N1,735
2544e981-35a4-4693-aa3c-e865efa47e95,N1,736
4843a58b-477c-4bec-8a3f-5eb51f6ad2be,N1,737
7e7394ba-c80b-45a2-ade5-c104f9235815,N1,738
647f8810-f823-4fd9-8b81-c757ebf2a0e5,N1,739
b5d3301b-0206-4c47-b8a5-18897125f09a,N1,740
9a13c9cf-d8fa-4b18-a718-189d13d145ad,N1,741
17512396-2aa0-4532-8b62-76c0355302ab,N1,742
f3f73a8e-0ab8-43bb-81ab-f4f0367dc1b9,N1,743
41ee1f63-b124-4066-b03a-a00127b2cc61,N1,744
b9481785-6bc8-4120-be2a-89b2ea8dd1c2,N1,745
51775a47-57b3-4f0d-8463-2c464fe9c7e4,N1,746
0e1b4ae0-2d55-43e7-bb60-b177496f22f2,N1,747
98eee54e-7260-4689-a79f-56d2230dc627,N1,748
fa64f191-ee1a-4bf4-a6c1-01df01e038eb,N1,749
7e16988c-84f8-4ea7-a35b-430b154aac98,N1,750
b48f1cb5-f73f-4bbc-902a-6d6ffc15d3da,N1,751
b88d9378-4bd9-48ac-a1bc-3867300ae394,N1,752
8c11e9eb-54ee-472d-9ae0-e19d70347188,N1,753
3c58390b-e645-475b-8a2d-ebaef03a49d4,N1,754
651f078e-fd5d-4021-a592-da2ed5b14372,N1,755
b9acbec5-327e-4985-b431-53b599de3601,N1,756
a1c8a6cd-fb86-45b5-a169-da0c9486dfe3,N1,757
8c3a1cc0-a137-466f-ab53-a7a04bfcb634,N1,758
8802ae64-1be2-4b52-8097-4d0336f7cbba,N1,759
8dc778ef-bca2-4087-854f-015cd94e97c5,N1,760
0b423c0b-ea00-4076-8f48-566b942fd665,N1,761
756fce66-d54b-4d00-b306-13f940a744cd,N1,762
0a3fe1b4-3eca-4906-81ad-ecc4ae2691a2,N1,763
9e09ecd7-6f65-4ce5-81b2-c53f2077cab7,N1,764
629e0fc1-500f-4c91-8de6-5bef5393a76f,N1,765
e3cd49d6-0455-4a2c-a82c-f76339ad8167,N1,766
12f19cfd-6aa4-4cc5-92fc-f6d8b1ce272e,N1,767
b563d88d-7896-4e32-b043-2b6403b727e9,N1,768
08ae6a2b-1ecd-4614-83eb-540491b62362,N1,769
bbae184d-5d6c-44af-bca0-23e99aa00e13,N1,770
7d647872-31e5-460a-a2c8-7ee7f9ff07fc,N1,771
d8f87654-fd04-4dc7-9921-33c0b8cdf785,N1,772
3eac3c90-faf2-41b4-bf7c-5b74733c7475,N1,773
2c73ecfc-56e1-4dfd-9877-a4a0edd2a6d9,N1,774
c038f775-673b-403f-8272-8a7f1d0c3e4e,N1,775
924b3626-42d1-4abb-a8c5-88fd8c8d6074,N1,776
6100b4ea-5b47-4a4d-9a4e-82ec846c9426,N1,777
11fbcd5f-d3c0-4623-9104-2a05178b7cd2,N1,778
430158a1-88a2-44d5-9d25-6194d1e7cd51,N1,779
8b0cff61-3eaf-41c6-8837-20e1d1bfb689,N1,780
35b5603f-ca92-4179-9ed4-b49757e85933,N1,781
a383bac4-75db-4966-ab47-db584d4abfee,N1,782
fe539b6d-6bd5-4724-adb0-45a616b3de1f,N1,783
a71f7d56-bddc-4063-a109-edd81a8cc064,N1,784
c327d858-55a1-46e9-bcb4-d0690440d3de,N1,785
d0c5c9ec-e728-46f7-a254-dd9a2e5e6712,N1,786
d55e87f0-72c4-4755-aba4-af6745893d42,N1,787
be4309c8-2458-4bfd-b677-1fec8fddbbfd,N1,788
a1872349-6df2-41dc-b787-a502e82bdec1,N1,789
7f19d553-a7a8-4c5d-be87-ac0708dc085a,N1,790
15039e50-9083-469f-8e24-5298c5513234,N1,791
2936995b-ef52-4942-8760-49e9598dbfa5,N1,792
5d4cc575-bc83-469b-8a7f-4d62e726d046,N1,793
402bae1d-a1d7-4308-acdd-a4ae90948d90,N1,794
3bb22997-510e-4e91-9519-2b99fc01b2ac,N1,795
0a9970ef-7c44-4edd-95e4-3eba72bbcedc,N1,796
d7564e69-6679-426d-87a6-cb4ce258eca7,N1,797
db2c5688-1844-462f-bf17-4a38ad55e042,N1,798
58aec1ed-8092-4eb5-bb31-128186200124,N1,799
bc565205-53a0-4daf-a102-4c535c33c687,N1,800
c2fc20e9-e805-47e7-afde-2be0b9696913,N1,801
c48cff56-0065-4263-86ab-22939e6ca3ee,N1,802
c37cff7f-4f95-4a52-b784-5dd74ed69d8f,N1,803
946c7d26-972e-4a81-bee6-71693555018b,N1,804
2bf4485e-c301-4fb8-a04d-9953aa25458a,N1,805
4f7e2d47-ebb8-4e93-9f4a-8b910b6640fc,N1,806
3d04c050-e012-4cae-84e2-975dc762591e,N1,807
eff3d375-d998-42fd-bbeb-527c47c63767,N1,808
8f6ecf37-d49f-400d-9572-c5cecbce6554,N1,809
b74e193e-bbb1-4002-8898-4d2f4d541fef,N1,810
123f03b4-0182-4a27-be92-3654618f939f,N1,811
5b59aa98-9ae0-4933-a5ef-efb7f5278846,N1,812
1dd1bd0d-f96f-4164-a06b-59860247d8f0,N1,813
015cf721-19e1-4ce3-9a85-a7a6abd0ff7a,N1,814
a2595ac9-bb98-4369-8bc1-9f0835cbd957,N1,815
a503eec4-2441-4f0d-9ad3-f9c62819231d,N1,816
bece1ffd-e25e-4ce5-a7b9-0020a347d56a,N1,817
a948d015-0d5f-4652-826c-e5f04f2bd762,N1,818
97760b22-d9c8-475b-981a-7e16a5002504,N1,819
2808a9ad-5ff1-4575-9b2f-9b00342ce03b,N1,820
7841d221-e086-4316-a51d-34fb1d914590,N1,821
729ba5c1-7773-48c0-882c-d6a7d111ace9,N1,822
aec11d19-6323-493e-a55b-0608dae3e6ee,N1,823
8929fc6c-f58b-40ba-8e0b-7a935d78e3d7,N1,824
f688ef44-3eb5-4064-a6e0-e973244994e4,N1,825
1b373c6f-886f-4fc6-98b7-30f791c0501b,N1,826
1eedb1b0-4c73-429c-b2cc-661f2d5c8df4,N1,827
581af3d9-0047-4a5a-8bbf-c206c6e2208a,N1,828
906e2024-08a5-4856-91a7-2f31324e3b71,N1,829
683bc108-00ad-4b43-b436-b02c75773e14,N1,830
3e8c41a1-736b-4ede-bb8b-ffe9764b01f4,N1,831
bfa6c122-9683-467d-b888-88dbc06108b1,N1,832
595a5897-e7c5-4a8d-8b7f-948dff66c70c,N1,833
9820a68e-10fb-408f-ae35-3e1ceff1ce7f,N1,834
61b010e4-5ad6-4967-946f-f5e3fead2e55,N1,835
58012074-bc9f-4551-ae71-e16cccdbba68,N1,836
b5cc5778-70ab-42ee-bd89-01639381bf72,N1,837
81c3eef2-4e4b-4796-9873-0183fecc5cc4,N1,838
981e4128-2289-446b-8fba-0164af72208e,N1,839
58b75d21-5c0a-4cf5-b5df-450badcf100a,N1,840
f6c72ee0-bbf7-47e6-8109-7fb0aec70305,N1,841
671fd78c-269c-4ee6-930f-ae4dd5cbc6a4,N1,842
19b54f13-a54b-4156-8821-34cfcf5f56d7,N1,843
011173cf-e291-47b1-a223-1db5ac860403,N1,844
010a26cd-76db-4b32-a56d-cf6b38fda137,N1,845
3c1dde70-697b-42cb-8768-fcfcb6c42878,N1,846
9e4e6abb-7ef5-46bd-b85a-1f8c2e78c7f0,N1,847
6271eb5e-1710-47ba-9842-ced23bfad337,N1,848
7cdd1dae-008b-4313-a142-ec945acb1e8e,N1,849
06eafe62-0739-4bb3-8918-f3005dd9f3cd,N1,850
352c757f-d1fe-4202-bb8a-614a475956ae,N1,851
85045029-0d9a-428f-92ed-fcce14aadda0,N1,852
cb64f7f1-6375-421f-afce-566ecb5b36f8,N1,853
9e9372cc-950c-4968-bf97-a1beae838f24,N1,854
6a14a3e3-531f-4b47-a75f-10a726dae13b,N1,855
f3ed7364-7505-4347-b5cb-7ad8dd20de4d,N1,856
3ca40288-a46f-406e-a985-ba8d7c3ea880,N1,857
085fa6f0-e9c1-4804-b8eb-0eafa3d85ba6,N1,858
2b7ca7a9-26fc-4d08-b3dd-9c2b5a77fcb8,N1,859
74ddac9a-6ea9-4cc5-975a-944b774840f6,N1,860
d6a5cbd0-c59a-4801-8bd5-bdee520257a0,N1,861
5b2d06a1-4c15-44e4-9dbb-1d2268e0d503,N1,862
2029e84d-edb3-4d92-8974-60703b3f179b,N1,863
df9df79c-9107-40a5-b53d-6cc7ac4902e2,N1,864
ffb4fb80-cdec-4d68-877f-c302f68ef0b3,N1,865
29038716-5412-48c0-aceb-92af4d6891f8,N1,866
175f8b46-818c-4a43-99ca-ae76c826a2d1,N1,867
1451f664-51df-4079-9d76-24cab48a07cb,N1,868
3eee17c1-5547-4719-89c1-fa0b2f6e3391,N1,869
6f26517d-1960-4b0a-988e-63c6ea05da77,N1,870
e8ddf7bc-fea4-451e-81f6-5b6a45825423,N1,871
bc861a90-1f0b-44d0-a1da-5d8aa5e1a5a4,N1,872
8bbae415-d618-445f-a77b-7b7ed1d0d0c1,N1,873
97f9b9d5-7570-4c28-ac38-36875d38fbe3,N1,874
9ce37dff-1421-4e0f-ab48-cb9b2474c51d,N1,875
6adcb68f-daff-493e-b295-93a24cbfc1ab,N1,876
a270ad84-1ea3-49de-9b9b-2f47115e75d9,N1,877
594132c7-0ae4-406c-8554-e91826ae0433,N1,878
8d4e3f6b-191b-4937-af4d-ae4edb8f7c24,N1,879
11b48a89-dc4e-4f52-bab1-764fac0c4397,N1,880
0ffa0681-f134-4dfe-b383-9bfe2924e1a0,N1,881
992d7457-873d-4b44-8d07-2a7e205eb95d,N1,882
0e07ef70-bc65-4c39-85d5-a7ed65b676de,N1,883
ad1cf4dd-799a-449f-9eec-0c18adf5496c,N1,884
77029cf2-36fb-4440-89e9-58ce86fd1793,N1,885
c4388e38-853c-4f4a-8905-d528d271fddc,N1,886
1f9661b3-6614-4f2c-bdcc-a5dba28eb56f,N1,887
694bdcfb-ec3a-4baa-b1b9-ee8a7ce72578,N1,888
554f5483-b977-43bc-9909-4431867a81aa,N1,889
133e674c-12e8-48c1-a8ff-3a2529bf3a6e,N1,890
30e29820-4632-49d5-9cb2-6095c900a5f2,N1,891
3e0a2daf-a09f-4f47-bfc4-98471aa7fab5,N1,892
ef3002db-0288-4b39-9bc9-8ce258b76f80,N1,893
c28f3a2b-751b-4cad-9669-90b362533c73,N1,894
2bde9008-a484-40d2-ae0c-d414571b4e20,N1,895
f6be205e-ab2e-4734-ba21-7ee9f9e039a6,N1,896
cd45bed0-0495-4170-9af8-fc1d1b77a9bf,N1,897
52a61950-12e5-4267-91c5-a826ce550b17,N1,898
b2af8620-409c-49de-a721-e7f76128014a,N1,899
f76f3511-0e25-4fee-850e-f9d7b777de44,N1,900
b4a7b199-bc07-410d-92b7-38453cb505e7,N1,901
4034a179-5c34-4ee2-a04f-ca7d5e904fe9,N1,902
faff03ea-8823-4f3c-aa3a-6f8584fcce9f,N1,903
407f6348-0596-4405-b1cd-ddf8027383ac,N1,904
011e8ee2-70bd-4aa1-96e0-0b5628e9c48c,N1,905
e23d3988-ffbe-4c01-9da3-498f4a3ad86c,N1,906
a6b68817-766c-472e-b85e-7b0224cc956a,N1,907
c0655b03-77dc-4006-a6c1-99d63c56828c,N1,908
49ac8b88-e1ea-4508-b56c-a899d921df1a,N1,909
c71df7ef-b2ad-4ce5-8426-093292ec7dea,N1,910
31e415e6-e0d4-4d8d-bd8b-c9949e67e2ba,N1,911
71cbbade-0822-4a2f-a68c-894294f8a452,N1,912
58ab280c-ec41-4564-b298-cd407c0e677e,N1,913
8b296eea-f952-4ddb-9ef7-b1c800674775,N1,914
32caeada-8f9e-47ce-8b13-6997d7ea5d53,N1,915
1e727d53-cf55-4aea-b1cf-cd0197e3d4f7,N1,916
f7e0a130-c84f-442c-b3df-b44e912fdb29,N1,917
9b826be3-c90d-452b-9640-d07a4cab2f8f,N1,918
fede8ebb-4b87-4c9c-b882-0f246150eff8,N1,919
558847a7-bac2-4a3c-b98f-debbcac50f6f,N1,920
b32412c9-e789-4de2-be32-67c01fb32d01,N1,921
857ed3a7-3f21-4134-aa62-94197c87ded2,N1,922
6603bdbc-c4de-4ba2-8c77-de23050570d9,N1,923
e50cc2f1-733f-4cd9-b3ab-790ca5e9b6b3,N1,924
5b3e640d-d279-4288-b0b7-55347d3b5347,N1,925
9757778d-e5fc-4eac-817b-32f3dbaef65c,N1,926
ef8f372f-00e6-409e-9c4e-0321e4ed7edd,N1,927
ab66e659-a8e1-4a6e-88d5-d68a311539f3,N1,928
6d35ff85-32bf-4dbc-8dc9-bb02e1b52159,N1,929
5819b10b-e7f6-4371-bcf3-f52490f812e4,N1,930
b218d9e4-ebe4-41ae-acc9-359c2ba43f99,N1,931
5184a49e-27dc-41c6-a7a4-dadb413ce320,N1,932
e9c112ba-71d4-4adc-a6a1-49d34eecdf78,N1,933
316e2718-7e77-47bd-bc05-2fff4e3ef3a0,N1,934
7fe8edfe-3992-451a-a2e7-9236d0b65aa0,N1,935
fca2ba20-c92f-42b0-a0ba-fc176e7aa3dc,N1,936
d4cc138e-b5ea-451c-a55c-8c04e605202e,N1,937
0b3cffa4-0270-40e2-a95f-e651614e58a5,N1,938
ca536aec-1c61-41cb-8e21-d3354a5613dc,N1,939
d9f91f8a-c043-4bc0-bc88-52ff82b6fea3,N1,940
677d3871-9714-4be6-8524-f53c68aea773,N1,941
0910970e-1b41-41c0-b3ba-32446ec2a30e,N1,942
4b84a92d-c812-49d3-9a48-880a4917e982,N1,943
ce49af14-bccf-4910-9481-16b3a15761fb,N1,944
db9b02f7-c7bf-40cf-8912-4e6deb3d9751,N1,945
e05ff00f-a4aa-45bb-8c65-a161bc296770,N1,946
5d7d95b1-c3cc-45a0-97f9-7a23342345e0,N1,947
a521f49b-34f3-458c-a378-2310a839b7e1,N1,948
ccb584ac-f57c-4d42-8504-26713e8f4ba0,N1,949
5a40e399-cd70-49b1-840c-562c0c205f88,N1,950
b1eb7de4-c949-4433-be65-c509d142b37f,N1,951
15c6666a-f476-4e67-be1e-d39691aaf3b6,N1,952
cda6dc41-7dc2-4c78-a2d4-827b8b5de9bc,N1,953
26331fa5-e6db-4a05-b0cb-183eda5a6373,N1,954
61f44ced-dfb0-43c1-a017-c349cba4b31c,N1,955
d94998b1-cd23-4e49-97f8-b92378d28cc0,N1,956
0745cab5-25fd-4978-9181-5ecf8a48c9c1,N1,957
1bd123e7-04ed-478e-a526-fba63e0cb302,N1,958
7cdc4e07-811f-4f03-ba63-dc80a35b5901,N1,959
e386939a-a3f5-4ea7-a946-7dc11be21bf0,N1,960
25bd14f6-8989-41bd-8ada-e1320365d337,N1,961
8fe7d69d-7c75-4e9e-8b17-130f62651a06,N1,962
67d8a280-c4a3-4f67-acf6-3b8d534aedcf,N1,963
90b739d5-10a3-4d8e-a795-5b7f02bb6f49,N1,964
b2713ddc-2856-4ccc-91a5-8e6022966864,N1,965
65fa1977-bc97-40f9-95a3-ce2235666882,N1,966
64f3e3d5-edf4-4458-ac8d-07355ada842f,N1,967
b9339aad-6ae2-4a6b-9028-e5b985d9fcfd,N1,968
b88500f2-a3e4-4ab4-a972-84593c9d327b,N1,969
3ba8e955-f8ef-4f0d-ae1f-ea8975648006,N1,970
1ddd5367-86b9-4cc5-8821-0f83b1119ca7,N1,971
f6419623-20e8-463b-b731-05d68247664a,N1,972
bd10ed24-9071-43e4-8cda-2963c394a657,N1,973
99bc2afb-4b43-4ce7-bd2d-dcfeca974a93,N1,974
f385de1d-1115-4b0f-ba27-ab60c45c5bbd,N1,975
4908e767-bfbc-4dd9-82ed-e6eb2315a07a,N1,976
24e6d10d-4755-480f-b6d3-314a67bc4eac,N1,977
fb72791b-7f75-493d-ac36-1b6a03762eee,N1,978
24946a62-a92b-4b1b-95ba-7bf65f92eb1f,N1,979
ff0314c0-cba5-4608-8f49-b9d2759eee6c,N1,980
3b6d11c6-ec85-4dcc-9f41-7d9f5f7101be,N1,981
e1ce22ed-5104-4a2c-9a55-219e49f9b9fb,N1,982
513dc8ce-e7d6-4821-bb79-4fb39db168d4,N1,983
15885724-5c07-4355-bd9f-b1a7a1da9878,N1,984
e5dee229-eb80-489e-8b34-d965dc74bdd8,N1,985
956ae9e8-5dbe-44f5-ba8b-5308632359b6,N1,986
68475c12-5958-48ef-92db-6d7860b2eecd,N1,987
a39366fd-a5dd-4161-9ce3-79208f3623d6,N1,988
b2435a80-aac2-4758-a7aa-dfb5e0658cdd,N1,989
a5c89448-29d3-4106-b284-41013b6a3503,N1,990
858e127a-90a1-438b-a12d-58694a44e398,N1,991
745e90df-baed-4c48-9bd6-f9581a763bc4,N1,992
1d07c669-8a50-431a-91fc-80ac3259fa8d,N1,993
a6b4c445-86ea-4444-bb6d-92e83d2a4782,N1,994
2488a35e-c488-4462-a1bd-7d65301a90bb,N1,995
054ab5f9-5df5-44f0-97f6-6711e6ca0fb5,N1,996
2ba51618-3c6f-4e70-a61d-b20386c14fb3,N1,997
e499a2a1-534b-410a-a1a5-a5e5a7770fc8,N1,998
502d64d9-c691-4da9-a32a-42c1edbab467,N1,999
5cb37dd0-ab50-4ba0-905f-c5191d935a75,N1,1000
a0276f74-eba6-4193-a6fa-257aaa6834cc,N2,1
a9a8a515-6f18-4a10-9191-080ad2a4b116,N2,2
9de0b90d-d622-40cd-ae6f-ef562fb6ceca,N2,3
938c6cd9-3ff4-480d-aadc-ef864a4c8929,N2,4
d8fcee6e-c4b7-4065-8a6e-406266ba5c51,N2,5
119e79ee-0d5c-4396-82f9-9a9d3605805a,N2,6
eee21f37-8f7f-4fad-8807-205fdd0b61bb,N2,7
db40c752-beea-4faa-83dc-f81215de0eee,N2,8
82f79229-817e-4b49-8128-2c2c898cd4a8,N2,9
b218b3f7-523b-43e8-81c4-30c5897b82bf,N2,10
64fbc657-ad7c-49f8-b1d4-7577d3d62805,N2,11
781e0e55-6481-4a36-bfea-026ecaaf2c90,N2,12
7be10580-c3a8-4182-b090-2661e798ec60,N2,13
e88cc7d2-7ec2-4aa2-9865-8b1259032e50,N2,14
7d7adb4d-7d46-4b51-8232-99b226a69260,N2,15
bcf8e307-19bd-42c2-b7aa-be4010ae4bf8,N2,16
e99c49be-411a-4ebf-9e37-cc9a30b0fe3f,N2,17
803d158c-b28f-46ce-a362-2732f28f1fc7,N2,18
37faf231-b1f2-443c-91e3-b098fa656813,N2,19
b32502bc-22d9-405a-a4e4-e2a5ada4045b,N2,20
83f9adfa-b5b9-4eb9-aa28-121342eec6d7,N2,21
78220e3e-8156-4e71-ba37-e58a2765d271,N2,22
b40c6f98-58e7-480c-ae1c-0c5a9accb36a,N2,23
9a77463f-23ca-48cd-9f7f-17635d68e1f2,N2,24
9fc3691c-9ad7-43c1-9b21-6912972012f9,N2,25
0a0deeb0-8104-4663-8f95-94414ed90935,N2,26
057ec3ef-7bf0-41d8-8974-b67258180386,N2,27
f0de61e8-4069-4612-9b64-f0bd0d88f314,N2,28
d3a6bed7-35a8-47f3-9382-0ebf8d2d91f0,N2,29
3097af82-70dc-4368-837b-8dd59bb81a20,N2,30
4ba86297-069d-46d2-9bbb-c6e53ce0162d,N2,31
9e658179-a788-482f-a874-2aff16b76457,N2,32
47db9d5d-b61e-4dcd-b1bc-b7ece0477e3c,N2,33
82f22cd6-6158-49f4-a81d-da9af8e38f5c,N2,34
24f29b3d-60bc-4015-9712-87346619ae4d,N2,35
92ee4ccc-afde-46fd-9932-caf8654059e2,N2,36
923946a0-d352-4f36-80c8-1b9d2d4f7f20,N2,37
96847a31-6e55-4614-9926-96a55c466130,N2,38
90aa92d5-f644-4097-956b-159ed0048b72,N2,39
36fcee6a-3b9d-42ce-9df6-2ab1fbded396,N2,40
c718a20c-a2e7-4a85-aa8f-e44fb00d834a,N2,41
d5e42396-494a-443b-be1f-086b842e521e,N2,42
c034fe7c-22ef-4731-88af-7320c766660d,N2,43
58161629-c21b-4ff9-a6f3-d6b965b37951,N2,44
d94b84e9-a6b1-4cf2-bbef-72fe7e56d49c,N2,45
c55acd6c-e86e-47d0-b2dc-623a52da5747,N2,46
e7101c44-3c00-46a2-b00d-c90aa03e5b3f,N2,47
d91802b8-c6a3-4929-bb74-70e33e86f2ec,N2,48
6fcd2636-5966-4694-bbe4-cbb377920125,N2,49
4baf36b3-e034-4ab3-87d5-b7785ecc3029,N2,50
cfd97c99-1ca2-4753-9188-920522ad6e43,N2,51
6739e159-791b-4576-a623-8e2e81d2b462,N2,52
648962d2-60af-4947-ab37-1eb9a4fe7485,N2,53
310e0e56-937e-44c3-8f1d-5b45c9a7130e,N2,54
e00380d0-9c14-450c-ab8e-5af2d2061bf8,N2,55
7e8f8836-452d-4844-9bbc-c0e84cfd625d,N2,56
81367d35-7717-473e-82c5-e90fda3c0618,N2,57
0170ac7a-bcc3-4079-a76c-f7e3bc8c5490,N2,58
e176111a-eee4-4259-99b1-bea3bf4e16c8,N2,59
f7dde05a-968f-45e4-9b19-83c4742c60ec,N2,60
447294cc-9ec0-4ef1-ba4a-d2c750ea9faa,N2,61
a1ea33c9-7b5d-4585-8188-20fdb478ab4d,N2,62
940ebfa0-a67d-4041-8e0e-208db8f92183,N2,63
c9ff4f75-fa63-4bad-b69c-3d6158d6baa3,N2,64
a8ba5010-cba0-47f9-92f1-e87c50833e57,N2,65
02f4532f-5d4b-4833-bde4-2f24920545cf,N2,66
be7c3401-6401-4b53-a50d-76be2dd823ee,N2,67
fe3b32db-a87b-4151-800b-c025f0a6efc3,N2,68
cbaee6bd-30cf-44f3-ba2f-2eabf64861c6,N2,69
4c9acf9c-53e4-43d5-8100-601cb348600a,N2,70
0992e15a-5745-4032-8fc5-53129d8c1c16,N2,71
b3ce1e53-939e-46f6-a5b8-94acde4e3c9b,N2,72
f5ec0a0b-3661-469b-a670-3bdccdf770eb,N2,73
5fe15c51-6530-46f0-8f40-c72df08d5adc,N2,74
d586da2f-f187-4dad-88df-9fa4126adfa0,N2,75
f411df3f-dcce-4740-ada6-c17a8d0517e9,N2,76
145decfa-d7ab-4d77-bf6e-5b060447d7f3,N2,77
da9933b3-6407-4d70-aebb-5a6c913f574f,N2,78
0c08ca8c-0fb9-453b-b75e-c27074cd3971,N2,79
83532c5e-1d00-4c3b-9169-020077d91e57,N2,80
8afcfa9d-b28f-4a24-8e2d-ac629e8f5260,N2,81
af626d02-efec-41b2-b484-7c3459a1cb1c,N2,82
cb44560d-aff6-46d5-b04f-b2c8041ac232,N2,83
53cbcd06-7c64-43c3-9f29-5a236d9843c8,N2,84
07d27a19-3021-4162-866b-8538693222ed,N2,85
e5e11979-29a3-48f3-a618-8bd4572de620,N2,86
84d2e774-89ce-4f08-97c6-b406de5f074c,N2,87
03b34d1e-6c6a-4b5a-81b8-df683f7181ed,N2,88
9ddcdb60-e53b-476d-802a-32fe013728bb,N2,89
59bfbc91-c715-4fc7-b978-6b64b9876a7e,N2,90
b58fb505-f58b-4c16-a6dd-b921a1106de0,N2,91
ec3a2c7c-498a-4ba7-92f0-f4991bc8c27c,N2,92
ef59049e-f6e5-4c62-98c9-40c1ab224490,N2,93
00e025f3-fb80-4feb-bb5e-9e5e334568ca,N2,94
e89b89e3-64b7-4085-b0f2-fd2f727d0414,N2,95
febf54b9-c6a0-47d4-ae96-ced15764dd67,N2,96
53f47a92-3e98-4d38-a052-52edcb4e42d7,N2,97
d66efef1-eb4c-4c52-93f9-e027769727c6,N2,98
5a708ba6-36b7-4636-b6d3-eb9239c0c317,N2,99
14f2f34f-bf87-41c1-91b5-65318ea7221f,N2,100
d396983f-7e5e-4048-9c00-ec41ac67f3ab,N2,101
4e2b63c6-3320-4689-97f1-f2603571ea67,N2,102
e5e78b53-72b8-4362-ba5d-5617ba85448c,N2,103
fe608737-b584-43c0-9be9-03900f77ace9,N2,104
2f2215eb-91db-41e6-b5ec-a1b2a8f49e2f,N2,105
6a3f4a2a-978c-425e-b926-2f5622be89f7,N2,106
2b6fd3ea-f576-44f6-9abc-03da087cd1d4,N2,107
dd404c04-ae21-4f3d-937b-8b114b93042c,N2,108
d370263b-f56f-498d-bdc5-373cbecd62c1,N2,109
5f922b62-94ad-4d89-805b-0464fe8b393f,N2,110
e655e48d-fa1a-4e3a-baf2-08fdc3eb011d,N2,111
170c0af3-56cc-41ac-b370-fe95a83a7bd7,N2,112
26587ba6-a112-4a62-9c40-bf3ad7641cc2,N2,113
c5d282fe-bcad-46a0-a023-15e08547ada9,N2,114
45b69239-79d5-4e77-9def-236ae673ba45,N2,115
b93eb13d-3f8b-430e-9656-0bf0c4b3a683,N2,116
a325959c-5c6c-4be0-92f9-e62ce33404ec,N2,117
c710935a-712e-449c-bf62-504c5ce1dddc,N2,118
61607587-26ee-4434-ab7e-51f86db92de5,N2,119
a6cb907d-e997-4611-bdd4-2f4c43f05a17,N2,120
34604f1d-3552-43ad-abf1-1139d907bd55,N2,121
411740fd-8f92-4e15-9d26-d33e375fad3b,N2,122
cf7cc5aa-0c14-46b0-9067-e42b5206c8c3,N2,123
c544f033-6af8-4b63-b542-adcbeea35343,N2,124
668869a9-e6f5-4cc5-ae9f-904dcaa17aa8,N2,125
a912d7dd-3548-424c-a909-ec56a63a769c,N2,126
ce95e715-ae12-4adb-bd12-65ebb8c4491f,N2,127
7f45a6ac-7a72-429c-8fce-389004e2ba10,N2,128
1c7877b6-578d-4074-82b4-d38289b27bef,N2,129
ae9fea31-6a18-4354-86f2-ec1f7a4fea6b,N2,130
9ee1b3a8-cd74-4099-b330-1b50097dcd09,N2,131
06ffecfd-985c-41be-8795-e6723d6c7dd6,N2,132
e0130dc1-cfc0-40d9-9207-2cae2411f3ff,N2,133
8b3f3364-f443-4051-997d-8cf69404b132,N2,134
d9e6386b-1e8f-44b2-81b9-860a0ac1e143,N2,135
da422d7c-4157-4a97-a42f-4f62a1a6d20d,N2,136
0e1957cd-27d9-4016-8023-b53951c723ba,N2,137
44de9f78-2c04-4d94-af93-6b9fc5292f69,N2,138
6b2e7181-24af-428f-ab44-412d3028b5ff,N2,139
76f5b8ef-e5bd-4332-9b38-84740a80bad9,N2,140
4ab230cf-64f6-42f4-865c-9f41fc522681,N2,141
a7bf3c55-0f34-444e-b0a1-f2c700ead051,N2,142
acb65bb6-5bd2-4556-823b-a0cdaab58a18,N2,143
a302e1f0-258a-4853-825e-9f73043f4c3b,N2,144
1c182363-ffc4-4421-ab52-cdd50526f27a,N2,145
6547c218-70ad-4e99-8c3c-09b3707f7c20,N2,146
f550d4b2-293f-453d-840d-439e3abb0529,N2,147
629636e3-6c4c-4da3-8f7a-0f7c97c8b0d3,N2,148
a17e604c-2a88-423e-ae1f-36b8a02fe51d,N2,149
4d25ec15-d88c-4ff3-9d20-a53d0cfd0872,N2,150
31baf5d9-4e04-4ef7-9fa9-62e5646f99f0,N2,151
802a9c05-75c3-4f8a-b802-6960d4cdc2a3,N2,152
d790a160-74ea-4b4f-a567-291d4cced565,N2,153
1f3c8639-2f1a-4a79-8838-4778e0b6cc29,N2,154
bdb23171-7353-40e3-9ee8-c7f534e358e3,N2,155
d7d8e3ca-a84a-4cd4-8146-ba9796508a64,N2,156
31d7276d-357b-4719-891b-3880ce8ab6b6,N2,157
ed1d4886-735f-4f60-a1ad-c8781a25e6fb,N2,158
a6cc4da9-23fe-4390-97e4-c3f71aab357f,N2,159
cd14d1e2-ffaa-40a0-a178-74c2cf6aab29,N2,160
74774886-e874-4a7a-b3c3-028be566e311,N2,161
9e05ab9c-55cf-4c5b-b50e-9960815bb95b,N2,162
65861c05-bca2-47f3-bd21-179569770a9f,N2,163
49eed5bc-1d5d-4616-9616-bac06fcd3d0b,N2,164
3e677496-3f4e-44ba-a646-f96075af505d,N2,165
0acbeb3a-f86e-41b8-be72-20278e6b4509,N2,166
abc526b0-c07d-49b4-86be-48b39fc53e65,N2,167
9853f4dd-7ee9-4f29-8d3d-52b79a4c9004,N2,168
51a45d9d-7707-4049-8816-9a2be5c7a4f6,N2,169
fb45d986-27e0-4979-9e3d-1ac1d067f6e8,N2,170
3ea5e557-52f1-4510-86c9-8a5cc89472f0,N2,171
d1bed3d5-dd40-4cd0-aa5b-e24bd4e66bb1,N2,172
7b3cf916-12dc-4bf3-a998-62871c8a1fef,N2,173
1d7f5025-7c39-40d9-8acc-f2f58e202877,N2,174
3b822a0c-6ed8-4fac-b44a-2ff7c2a81a75,N2,175
999b3014-ec3f-4c89-ba16-0096abd4042e,N2,176
460ece3d-6ea7-468c-aee2-87235c5c3839,N2,177
67faad07-c8cc-4fa5-96ee-716eb138a44d,N2,178
27a74328-e13d-4487-85fa-6da4abbaec6a,N2,179
27d0c040-f3a5-4454-a5ef-b785cd342694,N2,180
65a885b1-e337-486c-ba7c-379f1d51041f,N2,181
b224676e-2ce2-4cc0-930b-ad88fc4c55c2,N2,182
8ef4498b-ef34-4acb-90b5-bdf720b747c0,N2,183
3b642027-4595-4014-9d6a-4b0b9a60669d,N2,184
24567bea-42ac-4d6b-b915-7f0a532cda2b,N2,185
6f3818ec-2830-407a-adc7-038dab5e2418,N2,186
fe3c4c66-eb50-46a2-9ca2-8f882e453719,N2,187
784ca62e-86d3-4f0d-b62b-613239ea0fa5,N2,188
dd3ed79e-5885-4c18-a33c-2a1a307b84bb,N2,189
94f6a183-a48d-484c-b9f3-4b137660d198,N2,190
2c1613d4-4c39-4f0c-bf0c-60fa2c9c3ef7,N2,191
722f0ca8-f3dd-4c46-8f43-4d9f03d895a9,N2,192
1996f3f8-9e18-423b-837b-392bdcb53472,N2,193
b6cabd9e-93c7-47da-8aa7-8861cc016294,N2,194
61cdfea0-cca1-4d28-a6d1-f7454d2831cf,N2,195
17aa55f7-f886-4b37-9d6a-f00fabccbf20,N2,196
504881ba-7ed2-49e3-9b83-a2b6db70bc85,N2,197
ac869fa8-9fb1-4c3e-b58d-d6a20c6607cd,N2,198
4e6323a8-ebf2-4712-9243-f095e7fe5c1c,N2,199
ee61b712-3431-4093-a463-119b5276187b,N2,200
acc876f0-68c2-4437-b1d0-2d7e228fcafd,N2,201
0c334e86-e024-4ad6-9072-b0e32b6458a2,N2,202
b322ade9-f24b-4b12-9706-fd67ed6e9b97,N2,203
bb526af5-94a7-4f7d-a03d-da9b497f9944,N2,204
c677766e-732b-4d80-be90-6524a6761323,N2,205
983f10fd-fa9d-462a-a031-5e778d475fb4,N2,206
77abf470-a334-413e-80c3-305465fe1006,N2,207
0a895882-3477-4d64-9e94-e0fe61565216,N2,208
15de6375-2830-4bb5-9df4-c78644f98b53,N2,209
8ed72f18-cea1-4785-9b7d-4ebc4ef1d98d,N2,210
912102dd-1958-44d5-8332-83644d2c9028,N2,211
b013fc52-083d-4eb1-8855-83da559bfbde,N2,212
41f35c85-185f-4cb0-80eb-f3f49cbecf80,N2,213
83222bb6-991a-4c77-904e-c026ac512fc8,N2,214
2f80a139-1f91-4f1a-bb50-c647287baf53,N2,215
444d3104-ddf3-4520-b967-84abf0709278,N2,216
9fa6e652-dd9c-4429-ada2-527b3a559393,N2,217
1f1c7a59-dcc2-4ccd-a700-53dd8148e9a2,N2,218
8816596a-1bd0-4853-a921-3f1d2fb0d076,N2,219
669c01c7-31d5-4f94-a076-c0a0de18e8da,N2,220
20af2325-0996-4049-9a6b-970f94deb7f9,N2,221
3c343ddc-4eb2-48c7-bff7-fea06b1a9322,N2,222
bcc9205e-ff55-407b-bfb9-2b951088a9a9,N2,223
42ec178e-618e-4e64-9b86-1994079be054,N2,224
0222e42c-7e9f-4a84-b661-af3d6acb2344,N2,225
2dfaabd3-ae9f-4c2f-956c-62a5f807f377,N2,226
58b736de-bb58-4bbe-bcf2-b593b60dc2e3,N2,227
0aad4691-ff7b-46b4-bc89-7bcc15ea6ee4,N2,228
598c8dc5-cb0f-48c8-9316-81aca0fbc7f2,N2,229
6cc0da53-abe6-4599-a4e5-e3406c111d79,N2,230
66433f0f-0373-43ce-b141-f52130fe8900,N2,231
e2001f09-c62e-4258-b464-62f01d010391,N2,232
b23630af-274f-469e-81ca-e7e8517d1508,N2,233
6ad27256-e74e-40c7-ba2b-4dd9cb88f6df,N2,234
268e8dbe-9518-4c70-a5ce-6d9eb6043e32,N2,235
8c616037-d105-4ba8-93c3-d14db979b8a6,N2,236
f307a626-895e-437d-b357-905e90082829,N2,237
6a137d8a-76fc-42a9-ad07-025a3a955f48,N2,238
770fd871-16bf-4bf7-becb-08c4ef969fa7,N2,239
31c6a112-0728-4a44-9b89-2baaa3ea9e4c,N2,240
0fb863bd-9c4c-43a8-9c8f-e7ec23927ba5,N2,241
ac365031-5e2c-4ca8-a24b-58672dba9df7,N2,242
39a03d15-ea06-4904-8b06-b7b159ebc2b6,N2,243
0cdd9044-bd97-4ba3-bffa-975d86791543,N2,244
9f77283a-d361-4125-86c9-e7a69967ff76,N2,245
fcc92bd4-05bb-48e0-9e71-01595e77e473,N2,246
dfe29acc-29da-4346-9b04-4e5cd583b540,N2,247
2046f009-1d90-457b-b76c-74ac45c97072,N2,248
57d1e6ce-7938-4a26-964e-f806949c5033,N2,249
04fec495-578e-4b15-b174-3fb60ee35119,N2,250
45bad6c6-cd06-4ca3-98de-8a10bca58178,N2,251
e0d8b139-42bc-4321-b015-d01a5897896d,N2,252
5baec41c-f9c3-4aa9-b89d-f1d39c6c5dfe,N2,253
3b6aaca1-3b1f-4b64-a4fe-8df935e12558,N2,254
cab9e9b1-1025-4fe2-8271-5397d4f156a7,N2,255
0407da01-d6b5-48d5-9faa-d41dec0301d7,N2,256
5a73a4f2-9eb0-44b9-986e-810d34bd03be,N2,257
7fa67132-9531-407f-b916-9438aaa2a785,N2,258
aa53b95d-9fec-4af6-902b-ebf01104b355,N2,259
09847948-168d-49a2-af15-ce8bdcc510f0,N2,260
d7ff9677-c602-42eb-b226-c00f7b017675,N2,261
a0dbb69c-3190-41d9-93cc-3033a5c8d8fe,N2,262
b7b6423c-44cf-4861-a209-7b83b426c1bc,N2,263
33cfae7a-0055-4b27-8cda-8b9a4b661959,N2,264
f218683f-2bb1-45f7-abda-4d158ec6cedf,N2,265
d1ea9b2c-102f-433b-bc96-02908d99ab1d,N2,266
d94d0961-923b-44d3-9fef-a939590c6738,N2,267
6170ac70-1abb-47a0-94b4-a0fa530c0a9d,N2,268
ab61b808-d1ce-4598-9e27-f886c080af41,N2,269
511709ce-73d9-4e70-83aa-5964a87e9cf6,N2,270
fc60385e-c61e-4673-8294-06d549dc725d,N2,271
bffd59de-2685-433a-b4df-58d0ac653150,N2,272
2912bd14-1067-4c05-abd8-5812026df22e,N2,273
78eb0b22-cff3-4575-8ca6-c2da98c8ee1b,N2,274
ecf86fc5-7cc5-4d83-9f9e-8e238884f9c4,N2,275
41ce2682-8321-4e0c-91e4-55514a948984,N2,276
43ffa402-21fa-4202-a123-39e5a34e5ec3,N2,277
b660d296-c8ff-4da1-8283-f90f64949d25,N2,278
67c67989-9b48-49dc-983a-aa328e07983f,N2,279
b325ee2d-a861-4282-a495-ab63de3aa5b8,N2,280
659aedb2-0af1-43f0-b842-f09581d2f67d,N2,281
62bf24db-2377-425f-81c5-a82329254e03,N2,282
e13f978a-fe08-471a-b334-aa178d197d9e,N2,283
b3d83ccc-e427-4c33-a14b-52f1345be43c,N2,284
89d6e0b6-4055-4d40-bcbd-5b4ec2a7586a,N2,285
11e356b4-75b1-4a29-884c-a8d78292b7c4,N2,286
018b3637-a5a5-4d52-8a7a-71822d6abd0f,N2,287
edf871ea-bba6-4f48-8f57-a7bb4a83e11a,N2,288
8879c7cd-e9b5-4bb7-819d-26cb45e98aa5,N2,289
079448ea-829e-4da0-ad3f-c4650b4002d7,N2,290
ea1e64cf-00b0-4912-b797-6e3dd5d60cd5,N2,291
d336e3da-bde4-470c-8097-95d83ce71587,N2,292
7d19b32c-892a-45f9-95f3-0f36345db022,N2,293
95635148-b5c3-47b7-aa1f-8f52b7a66fe3,N2,294
6735149b-8840-4a71-b01f-8ee73c518b7d,N2,295
28a10206-4dbe-4bb0-a763-2380146f5798,N2,296
8ade67dc-e3c1-426c-8c38-ef1e1f9d4815,N2,297
3536b29e-52dd-46be-8e3c-81c0b404928f,N2,298
c245a746-d755-4be2-bf40-6ef5fe777851,N2,299
50778bb0-d950-4f5c-801e-66f6f5d34ce0,N2,300
b6a3fe10-0115-40c1-bb5f-9382b3c16076,N2,301
036b7436-b27b-4098-a176-ef0499e8a498,N2,302
39316e47-849f-42fc-b386-a5b0b594484c,N2,303
640ff8af-69fd-4748-bdf6-623793381b8d,N2,304
3eaf42a1-d7ec-40ea-8c13-86ebd5b0fe87,N2,305
54701f2f-f130-47d4-84fa-c7abc1a777b2,N2,306
f07f3aff-1d76-4cf0-9908-6adc05657f25,N2,307
43319bce-1059-43e0-8f1b-49808cc6c795,N2,308
d78bff2d-850b-4dac-a680-e05484572edf,N2,309
6dce24bb-4ecd-41ae-be7d-f8f17298f85c,N2,310
866a0d66-006a-4207-a26a-cf1a10b1775c,N2,311
37998162-a7d6-493e-914b-3603bd08808b,N2,312
ce76919e-f507-4815-afe6-e5fda83c237f,N2,313
edf04b36-cc55-4ddd-83c3-ca74809963f7,N2,314
a4432f27-2f18-42df-9a9a-e2840f6cc5f0,N2,315
8b9a123b-dd01-4726-a9d2-a52d18a69aad,N2,316
a2b60a1a-105e-4099-87a7-472bf6656f1f,N2,317
d25102a2-aa9e-479c-a51a-396e9d176f57,N2,318
ac1e8a69-29e7-45d8-8e75-c086099a1bcb,N2,319
8821f591-99b4-4ce0-ae0c-25e3f4af7d7d,N2,320
b88ef495-6fc9-4d91-82bc-85b6a18f872a,N2,321
25a1d45f-1cda-41a3-a32e-d432b58f8566,N2,322
0c350eaf-d4fe-495c-9d4e-f2a8bb345c3a,N2,323
3f6684ab-f5a1-4dd2-926d-a1b91b779f50,N2,324
b96b73a4-fbc1-41ab-bc44-a21b106f81f8,N2,325
e1edf9df-2d34-43d5-b5c1-ad2bda61b344,N2,326
c58d459c-cc05-4648-9850-4861d1888fee,N2,327
5f45a1a7-e552-47be-a9ec-475f6a76e7e0,N2,328
dd792d9e-cd7c-411f-989a-43d93f700ecd,N2,329
fbee6759-5e9d-4754-a16f-17bb87eeaed6,N2,330
ba16e5a3-1d57-40e7-ae42-e1a8a8c2be3b,N2,331
2b98d344-1432-4e76-820a-e7a68306861b,N2,332
5bd4c4ef-ab3d-4fc9-9b36-cc00c7163313,N2,333
0b09b58f-e049-4db3-a2f6-f6c034c4fe6f,N2,334
282f29a0-9e7e-4a7c-9bea-4919da56cef9,N2,335
80b5263b-a45c-4d4c-815e-62f9bfec5a58,N2,336
1313177d-350c-4a5f-a558-3c8b9594673b,N2,337
ec6a61f0-85e8-4767-9c47-27f50274e0b3,N2,338
41afbfeb-f46d-4dc7-ae81-a3d515701670,N2,339
d23f84b8-0302-42c1-b294-51eb4ed9a82c,N2,340
ca7b484a-30a8-49e6-833d-1ba124d834ab,N2,341
d20e83e2-684a-4525-95cd-621aa60b5c17,N2,342
2b7ec033-9239-4c64-8fc4-c322d286c761,N2,343
ab3ab221-5367-459e-a6ba-eb76e3fd0fe3,N2,344
c2527cd1-f3f6-433c-908a-d179697128ba,N2,345
e86ed277-c546-4704-a675-0fe7f12ee7f9,N2,346
a443c477-8fc8-4acd-aea1-e7e67fb89908,N2,347
e4065b15-7542-4d12-9a55-b9a11d60f334,N2,348
e3dd5f87-e521-4c2d-81b3-deee72643a4c,N2,349
406fc3d1-7a3d-4636-aadc-5c58cd6e15ae,N2,350
f45bf303-0716-4f72-a6e0-24b60426de52,N2,351
666c43a5-2672-4adc-b3de-cc09d562e580,N2,352
d31fb846-253e-415c-87ac-1aaa8acb85a1,N2,353
67f8ae4b-6983-4b47-a12e-7b5566796e9e,N2,354
92d84620-9fba-4963-a6e2-0435b26a7361,N2,355
10152c47-bda2-41a4-a919-bde6f0061481,N2,356
4b615fa3-c849-4be5-80c8-47b4f301104a,N2,357
678b45c3-4ac5-44ad-863e-0b6af85c40bb,N2,358
77499c18-34a3-498f-9f75-aea2209b6c23,N2,359
d3cdd17c-141c-49be-b844-d961a3e43ede,N2,360
016ffef7-06bb-4a79-9172-b2da9c0ed8d3,N2,361
c6806adc-bb2a-4177-8d4a-51881f3e5309,N2,362
31f4c59d-f121-4070-b26d-0c145e337b41,N2,363
2bd1b87e-b4c6-4ce9-bd60-66d714f820f7,N2,364
800dae03-e207-4678-8730-e88b72001604,N2,365
8b7fc416-0ecf-40b5-bbd2-c44ea2f59445,N2,366
24c26735-053a-4532-aed1-290b92e7f473,N2,367
4baad90f-5f43-46c5-8261-f76d04639249,N2,368
6218935d-f576-46f0-b505-26b90f107eaa,N2,369
e6b634e7-1ace-438d-9db2-09b4ad00a88f,N2,370
a507e71d-544f-41a3-817f-c23afe2a7ec4,N2,371
b47b6e77-1bd4-47e7-9511-54d1ec0bc2f2,N2,372
a28b3a05-c3c0-4d0f-99d0-c862895009c9,N2,373
93ae18b0-2cc1-4c5a-940c-5de80f2440d8,N2,374
9ae1417e-1a5f-44a4-ac82-1683287f4b4d,N2,375
36dac820-390b-458f-b37e-e7f50a3737e3,N2,376
246edd98-31f3-4a00-86be-71f7f6226d33,N2,377
ca56f31b-a870-4538-b05f-a1af9e726c42,N2,378
65c8103a-b051-4016-b96a-bf6576f329a9,N2,379
8a778db0-8abe-4abf-87ed-344e9a86b3b5,N2,380
dcb1f176-a225-40be-81c5-b9f18d71638e,N2,381
1f4feca3-a6d3-4bb9-9a5c-cb975a77a2f8,N2,382
beb78f50-026f-4428-bc5b-4fafd31c519a,N2,383
39b63626-c1a6-44f1-935e-88f99526b728,N2,384
82e62980-0453-4d27-8891-2d7b26359b73,N2,385
8e99f358-b582-41c1-81e9-c0f6e932cef2,N2,386
a5da80f7-b2e2-4223-8e55-675419837237,N2,387
bf3e1edc-f2d3-4247-aeaa-3e35d0bbcc59,N2,388
24515782-6193-4dc4-baf0-92bf217aa0be,N2,389
37bc128f-200c-4e00-9a29-60ccb17cb9c5,N2,390
978d9f20-0e7c-4034-a0d7-71df0f24871a,N2,391
8bb43ad5-8f7b-439c-9021-9e7e9687fa30,N2,392
7cf7e7e2-ce92-4e6c-b07a-16a566701e96,N2,393
c8086495-ce6f-44d3-85fe-d4bb523d2d41,N2,394
a39850f9-e8f3-4ae8-95aa-e0c9c30194fb,N2,395
5ab3867c-1021-4f43-b11a-815613e2e68e,N2,396
b866725f-7594-45b7-b295-26f938b03f6a,N2,397
3683434b-d99e-4945-b8d5-6f06fb49552a,N2,398
15b90d0a-36dd-49af-9c38-b001b1227986,N3,1
e36e7acc-5799-4520-ab0b-3d5d04aa7c30,N3,2
599771b7-869c-4786-8e4c-f3ee0a9a8318,N3,3
961fcdb3-ec28-415e-b7eb-ae9b8b9bf7ff,N3,4
7cf71897-291c-4353-b3b3-79e892821125,N3,5
e322a390-2c20-44f4-aeb7-9e868cf0e76e,N3,6
6e841ddc-4acb-4ede-95f4-ee28d6e1d464,N3,7
b3aa4119-c43d-4442-9152-9ebf441173e5,N3,8
9e45e291-b732-4bf2-846a-30fc942d3a8e,N3,9
2df609d4-b881-4bd6-913f-7cd2bc004585,N3,10
3a7cc6cf-7cc0-4ad0-9225-3ce365611d8c,N3,11
6eb1f3be-816c-4f09-8c02-ba8461b35ed6,N3,12
13c96561-5139-4706-8f08-376d29c835d7,N3,13
c6d99046-a41d-4985-bf73-e923bd3b5fe7,N3,14
9c174f0a-8101-4d02-8265-c5c57dd715b1,N3,15
83ce0c8c-d233-4a18-8573-a24cb2c89699,N3,16
22986445-d649-4497-83cf-37d93dfeea63,N3,17
cb1c88c2-66ec-4775-b712-4540a5cbd0c8,N3,18
cccf254a-1a98-4ab4-ab37-f2b46b9b8092,N3,19
ef91bbd4-b106-46b1-bfbe-d2e6bd51a817,N3,20
36eedfcc-575c-4b35-850b-dd5f9c2b28c0,N3,21
db67b6c8-602c-4d76-a3a5-cfc97fd8c2a6,N3,22
5bb0db7a-3c94-4247-bc69-d72f63cc0239,N3,23
b82834eb-6a82-46e9-a74d-352d66d02ff5,N3,24
046c7b0e-197c-4f43-9cbf-165b69c717bc,N3,25
38bd65ce-4410-40f4-885d-323cf3d24fe6,N3,26
d0a7ec2d-c3f5-4a89-8c8c-d597eccbf758,N3,27
f04d3a14-b494-4bba-9b21-185137439147,N3,28
021d62ed-54e5-4476-a219-54b5d4c95a62,N3,29
ac05fb2f-2346-44e9-93c8-746c62196e9a,N3,30
cdbffb81-3e43-4bc2-adce-661b6d12c7ab,N3,31
329cc696-09f6-4293-ac20-1b30f7b2717d,N3,32
7b8f3cca-848b-4d56-bcc3-c982d2865f9a,N3,33
53b6f314-7e68-4545-ace4-edae7591a577,N3,34
d5299ea4-837b-4c51-8001-cfb04204ccb2,N3,35
8fde9884-0802-4a71-b33f-d572b1712645,N3,36
8f7bb428-e1e9-4fb4-a3a0-a646fa55b58c,N3,37
d8836f56-fbfd-434d-a07e-4d21220d4913,N3,38
802580c7-115c-44d8-a9d6-d33433570f82,N3,39
4654b825-d501-478b-8be6-e6a158cc6a9f,N3,40
09f5cfe3-a56c-4f9d-a8c7-bd07474d3537,N3,41
322b5609-ca09-42e1-98a7-9fa7ce3bcb46,N3,42
c37ef7ee-739b-4c76-a06a-4f9cfdf19686,N3,43
9751bb27-d3cc-4439-8ec3-0fd71ff5f766,N3,44
e0e522ab-6b9b-4ee7-a127-71b037cfd3e2,N3,45
e1e614e2-4d1f-4b87-8654-05cd87bfae6a,N3,46
15d62faa-fedd-45a8-9a7c-34de0e5a017b,N3,47
16688385-54e7-46d1-84e7-d97b48757edf,N3,48
d91f12a3-4925-42c5-9166-51b8d922a542,N3,49
3d7cab85-8b4f-47ed-83dc-ee9fdc1da715,N3,50
94cbae05-70f2-45c7-b57b-ba1fa359b266,N3,51
10c9296f-2062-4ab2-a5b7-f03627e97433,N3,52
3294e64b-7538-4b0b-8036-2be4bee94a0d,N3,53
b68a18b1-ff2d-45a8-9538-767acc907b8d,N3,54
e3858865-f049-4d77-8834-3b005f7f4d15,N3,55
2d0f1cb5-fa3c-43d2-89f3-9e70b819872d,N3,56
13102b56-c6da-44ab-8051-ea317580ce3c,N3,57
b554ac7a-38a2-4c04-bf75-180d6a5cfba2,N3,58
ff812a0c-34dc-4827-a468-dcb81b16facd,N3,59
da503d95-a09c-49b3-8a14-89137fec0ab0,N3,60
95b12952-6c84-4b6a-948a-9b85dcabfe3b,N3,61
ee308cfe-fdf7-43c3-a941-2b20192cbcce,N3,62
637cf494-07eb-4777-8c0b-e92cc83a8663,N3,63
367bc154-6375-484e-a2af-51343a3b8bd3,N3,64
90a8b99c-cd49-4914-a0b1-e368f3a73e3c,N3,65
eb13f2b0-cb8e-483c-890b-7310cc63aa13,N3,66
84894248-c3af-410f-a59e-fe0ca2441001,N3,67
770544cb-e4cf-4f7e-b57b-4cbd2770ea7b,N3,68
d8e0d994-c273-4814-a0af-dc5eaafecc56,N3,69
788a8586-e844-411d-9aba-f82ed7cf60a7,N3,70
5d2aca0d-5f8d-4f78-8747-fb32e663dfad,N3,71
3374d6a4-642e-493c-bd46-c7a41af0049c,N3,72
07d0f91f-56c5-4d2c-b974-0ebae5c37eb1,N3,73
bd94ecb3-80a7-4676-94b9-a22bf3e046e3,N3,74
c8ed0802-c60a-4ae9-bef5-31a8986919b7,N3,75
9180d30a-95ce-43d5-82e3-31ddd96aabaa,N3,76
17457c1f-9795-49a8-9d56-b93bc44e189d,N3,77
b017f35c-b686-43a6-b3c5-c5446d495315,N3,78
35e6e286-ffd2-4ac5-8384-1026223dab72,N3,79
58d16dd6-59d9-472d-8bb2-48db69af2600,N3,80
d56e0112-3cd1-4cf4-8732-2e88f25a77f7,N3,81
0a4fa5a5-7c4d-4c7f-a784-5d7e8124bc14,N3,82
6c85b991-3964-4005-b79d-e04e72fa2285,N3,83
1528c9f8-800b-487c-b11f-a3a019285c24,N3,84
682ea157-8fbf-4d90-81a1-1f15e9c34650,N3,85
34f32580-a248-4732-b6a9-af0bf9ff417c,N3,86
af334183-3006-46fe-be75-18e575eac680,N3,87
9a7c377a-f945-4e11-9bc6-840c6c660977,N3,88
7fdd609d-7fbf-459c-a227-8098184a68cf,N3,89
c3c9624d-1214-42fd-9ff8-ea9998b2684b,N3,90
7c9dc42c-e036-4123-acbf-3fec59cfef43,N3,91
3eee32ec-f302-4bad-9621-62963a1a03c3,N3,92
31031e97-8893-4f52-9f57-ac3b10fa2009,N3,93
97c1b391-55cf-490a-be0b-1316d0193f8f,N3,94
cca00403-45a9-4274-a440-5072f69994e3,N3,95
c83ff120-635a-49a5-8f0c-45f2b3b31814,N3,96
5a520e46-5e74-4824-bf29-28563a34a5f1,N3,97
d68edd01-44ec-47f9-a600-93f27d3f21c9,N3,98
39fc1856-edba-4a7e-a075-c3ccacfda62a,N3,99
8540dbf3-6fe2-4459-a87a-237b6c636a78,N3,100
717b4b96-4e57-4e9b-9e3b-a9ec2df434ba,N3,101
23b79916-920d-41ee-b31a-eda2f43ee218,N3,102
ead8f438-3be8-4bf1-9d70-dd46fe291840,N3,103
ceaa0f8c-5aab-4758-899f-91e1e194a6b3,N3,104
d9c55b5f-2d6d-4efe-b670-8a2f3505ea73,N3,105
11ddefc4-9235-4a36-925c-05dfaa354b3d,N3,106
d260dec2-c58e-41af-a81d-293e3d5622d5,N3,107
cac38f59-c945-48e6-b982-8020b38aa0b3,N3,108
e5dd75f1-2800-4776-91d7-773d7f45a8f2,N3,109
afd67c2c-de05-43ca-a247-3e1661aca502,N3,110
7c0a19d5-87f9-47b1-a5ce-77f5e1397d17,N3,111
b00ecaf6-bbdb-4698-b26c-20f94916995b,N3,112
b4c4d02b-fc6e-45f1-80dc-6a2e42f41e69,N3,113
220ac5a3-1102-4b26-8eda-813d93df8274,N3,114
643dcd96-0066-4119-8710-7ec0c57da3d1,N3,115
6db2ff5c-6c09-4ff9-a31a-136401dcc8ab,N3,116
42fe2df8-85f8-4bba-9e6f-00dfb612bd6a,N3,117
064a9025-bb01-47f3-a465-fd9eb0c28f1a,N3,118
8da1a6d2-e59f-4379-bf3e-f86cb474a438,N3,119
38cfc574-9cd3-42f1-b1ec-9c2f075223cf,N3,120
6f0b9ab4-da4a-496e-b648-8e80140e4349,N3,121
f8d9ac51-3646-4493-82c4-b8684a22c837,N3,122
c49185a5-35e7-4655-9b20-483caf14d747,N3,123
5621f77d-2169-4db2-ac00-33fcbf48ad2f,N3,124
eab3f35a-80f0-4c25-ac2d-74bd73ba58ab,N3,125
84a77c27-cd4f-4c7d-b24d-556aa79f375a,N3,126
142337fa-73ec-40ca-9cb2-142eef7dfff7,N3,127
04b7720f-6d87-471a-a33c-a11b9a0aaf73,N3,128
5dbfd949-6851-45eb-af4c-9d74c308ff86,N3,129
cb95a1d8-3185-4979-b544-07fc97c3a07f,N3,130
c3732766-93a5-4364-8eb4-8130d0ea5b56,N3,131
6b2be4f0-5f2a-4d19-b9a0-4e65c4ea5e6c,N3,132
ff2882ff-498d-4f64-87ad-1f077f68723d,N3,133
bf7df698-490d-4eb8-bec6-29b1ff0cdd69,N3,134
af86f5df-2a08-4495-a886-b46181be28d3,N3,135
97bd6fde-799f-49eb-9339-1806b30ed5b0,N3,136
f1745421-6244-4205-9ef9-e6544fd55127,N3,137
4e415105-98ba-457d-9a87-9b5f3b2fb3b5,N3,138
72b1b9b4-0f00-4fbb-8396-8524da14fb9f,N3,139
269b2b95-3809-49de-ba87-4b5c738027c7,N3,140
0c9b2559-90d2-4cdd-80b5-a905045eeb74,N3,141
133e15dc-69aa-4fcb-90a5-ee452cbb5ce2,N3,142
2c0562f0-ef7e-4dba-a092-c07b1e1085b1,N3,143
dc41b47b-a15e-44d7-a246-dab2ea37c9d3,N3,144
6186027c-3d33-4ed1-8965-9345bb6f5bce,N3,145
de3c78ad-7001-4f8b-9f50-aff56732b97a,N3,146
a4c7c3c0-7972-417e-b4aa-4b7648629299,N3,147
5a38070e-becf-437b-94e5-b763f7900681,N3,148
297da5fd-d5f8-44a3-8d26-fdf9e5bac597,N3,149
f0c8d585-cc1a-4d36-86bb-1a771e4c562b,N3,150
f4174090-5b3b-41f8-a59b-34014c19ef82,N3,151
e49fea4f-c12e-4b2b-a383-25e7811ff18c,N3,152
d8eedabc-bb2a-4698-b115-e8f6cb2a60df,N3,153
91944831-a481-4199-be57-f3d10f2aa3c6,N3,154
ab788612-6fe4-430d-a522-5f3a1867c8c8,N3,155
29767e66-66b0-49fc-ba0b-5599a35beabc,N3,156
d097efdb-696f-44ad-8bce-febb000835f9,N3,157
623e3824-24e6-4ec2-a21b-864c19629bd4,N3,158
edaa3532-d3f2-435b-b2b2-b8e6b647b19c,N3,159
e2724ef1-9a3a-4555-8de7-ae7a43d69db1,N3,160
c23aad3d-4d9b-4959-a6ff-2a1f5665849a,N3,161
f5e1eed0-01e3-489e-ae51-4c4f296aa1dd,N3,162
744914b0-f669-4e05-8dcf-c60dfa5644c2,N3,163
35e886c6-22b2-44c5-81f2-e0bc155045dd,N3,164
bd838670-402e-4fc0-ae67-ff463f2f2481,N3,165
2309997a-ceb4-491b-a181-78c33b221130,N3,166
14ead343-c7b5-42ba-914b-34858cbdf783,N3,167
01dde65c-5fef-4070-bdd0-e6dc359c64d8,N3,168
a2d5a3e9-198d-422c-a30a-b70b156ba413,N3,169
0ee0b065-0127-4829-831a-c4844b1daf1f,N3,170
0a7d1ec6-5028-4585-90b4-2dd71b4ecaa4,N3,171
2ed96800-ed2f-43ee-8a59-d8a4e72e4aea,N3,172
ea5e6842-8b0a-4472-86d3-0b3e2d143970,N3,173
ede52a1c-45c3-42f9-8244-716183988fda,N3,174
b9af804e-d0b4-4bd8-b4c0-ca0eb9bede39,N3,175
530b8864-b354-42c5-b0cd-12c0a4956ea0,N3,176
cbbda204-ebec-4b93-a9c3-98ec8310d665,N3,177
fbc59951-c250-489e-884e-408926b11c92,N3,178
a534a07a-68f3-4573-a5c8-473d4767431a,N3,179
e294569b-d144-43f6-b53b-474cf5cfb4a5,N3,180
7770d3f6-d0bb-4766-96b5-ee7ff6941fb5,N3,181
b829069e-3322-4f23-8887-c2f5dbf7f224,N3,182
65307098-5782-48f2-870c-9a5eb253ce1b,N3,183
7d1c0032-c91c-4822-8cac-1bcb2589e980,N3,184
7fe57984-d8db-4b13-b761-4cf3975ae896,N3,185
4149433f-1853-41f7-b9b8-ace77938ca36,N3,186
5edd624b-38da-4a61-acb3-f4a013b21a72,N3,187
1c65c485-4181-451a-86b6-31c6a175bca7,N3,188
d3805ccd-4617-4535-83e2-5a203cfb7952,N3,189
58050f36-8439-4d3d-aca8-0eb3362a7936,N3,190
2df2493f-943c-42e5-b653-2a6908d28d78,N3,191
0ce4bf49-be39-47e4-82c0-d3edf396096e,N3,192
4389ae35-137c-443f-8572-905f9af06775,N3,193
7b127b0b-52cb-4336-9e48-bd496797a3e4,N3,194
1fb31264-ac45-4d4d-9b77-2d85b9b04fed,N3,195
1c90128a-2ad6-41d4-8288-38992d9b8282,N3,196
ff295647-c34a-4fad-a3f5-a9b81b3cdd53,N3,197
ba5c7ee6-aa7d-417e-a415-50aa7cb8279a,N3,198
75523a4b-0fa5-4fe5-b3dc-e575f55452dc,N3,199
e23b0917-b11b-4315-b1bc-1def4e11a57f,N3,200
1cd8078e-345d-4fb8-974b-d06a47d3ceb5,N3,201
4824a45d-1e7f-4052-9f96-8b3f97bcc777,N3,202
42e41b0d-d0cb-4cea-86fc-2da2a71f4472,N3,203
0953709b-6074-4b91-a559-c89c476b3651,N3,204
8499d521-68b8-47bb-822f-b60edb24f8e5,N3,205
6a617f2b-d14a-4fbc-aadc-264b239c9688,N3,206
b04a16fa-3bde-49ab-951a-63f987231d50,N3,207
df3e4567-251b-41ea-9bfc-4eae86a5e701,N3,208
c53522a7-2289-45f1-8a12-d9963061f735,N3,209
77fa2a1e-6277-45a8-b408-3f0b80b67323,N3,210
4e7ae75e-1d40-45e6-b93a-8c2ab0a7d86c,N3,211
1924633b-e5e7-4e0d-b5ee-d5dba32d00ef,N3,212
842ac890-9eb2-417f-959a-aea0ca0e327a,N3,213
e9404ade-8bc4-438f-b09a-5500ab4d6bfe,N3,214
010bdf20-3b0c-4806-8e8a-7fa130d7cc0e,N3,215
74868793-d8b4-4b38-85fd-130c615f26b9,N3,216
466f5768-5355-4290-85d2-f92a2d129cd5,N3,217
b9cfd006-1edf-414a-a2b5-79e048c1db66,N3,218
120e3668-f9c7-4e90-a8c0-65574f14cad5,N3,219
ab5769ad-b9e1-4405-91ea-bd5130d9ef49,N3,220
82c2dab8-45f3-4803-9065-5d0b7e06bbea,N3,221
a3648df3-9040-4792-8f87-b8650167f3ff,N3,222
f71a3b3e-1e92-44e2-8a12-ca39b2f6e134,N3,223
ac832930-1b36-435d-a245-44f9288a1d55,N3,224
4b6e6e97-ead0-4745-a0b1-af3ba8aa3932,N3,225
f794455b-18d0-44bb-a6f0-33582e7e52e5,N3,226
2028075f-8053-47fb-93e5-83d956db8033,N3,227
58678c58-192b-4234-99d4-e0550f724c50,N3,228
7b9bdc40-7197-4a5d-8143-c58e0c3ec619,N3,229
e9da48a1-1612-4e1c-a988-46d0aae3cb2d,N3,230
8de83394-5f38-4099-8572-b41abfb196a6,N3,231
cbf3711b-4336-4045-b017-cb769b479fab,N3,232
46daa6f8-3e91-4fe9-ac59-88dc739adf70,N3,233
8352ee3a-6c82-49d8-bd4e-12dffffb5e9b,N3,234
9c38f114-0cbd-40a1-b748-293ebed25be2,N3,235
f3f4806d-f75d-4006-b390-0e86b4c1520e,N3,236
c8ea53a1-c5c7-4cf8-9976-97c9f4483038,N3,237
a5ec9f28-30bc-440f-b7f5-9c2318e11b17,N3,238
d673c6b0-6915-4535-aba0-406cbc3b6d7e,N3,239
150947db-6f01-4f6b-b158-f86b808d0095,N3,240
508d58a6-f1d1-4fa4-ba9b-3047e4e328ec,N3,241
b0f73ee0-c775-472c-9f07-ffebe2a4f45d,N3,242
3e5b698e-0232-41a6-840b-3148dacf9ff9,N3,243
b107bab8-010f-446e-b0b9-67712af9ab54,N3,244
3d71ea57-c7cc-4a9c-b2ae-fc49fbc7bfdf,N3,245
0fe2a395-8971-4db6-a3d6-5c15a0782a4d,N3,246
b89f9612-b6a0-4dbb-a52d-f6ec63904ee2,N3,247
968dda97-861e-4440-b4c8-661c9bae292a,N3,248
d5ff5e25-14f5-4662-9c7a-b47293185ca1,N3,249
e5b9fde9-7413-4918-b5af-2b001fb55c20,N3,250
578e61eb-0873-44f2-9322-fc946089a5af,N3,251
e49fbc46-0dd4-4e5a-b468-773f0c77f20e,N3,252
0d135afd-04b0-4ad3-a076-35a2e046356c,N3,253
91589e71-e77c-4d52-88f3-1d4bf8227a4e,N3,254
2e734d79-0d6b-4148-87bb-20f0758e0a6a,N3,255
1a1fd364-dfc2-499b-b0d4-94dfcc2b1dcf,N3,256
642b73d5-2b13-40fe-a2cb-4d0345d38f1e,N3,257
a06956fd-9302-4bfa-9da9-331692bcdb90,N3,258
9394c41a-6e05-4cd3-90c5-3a83008aacb9,N3,259
7165c67f-bcc8-4c65-bcfa-1ddbab8311af,N3,260
b00fde7a-8c67-4657-a46a-218705ebacbc,N3,261
47d9d652-6f89-4cdf-9f61-2cf72667aa46,N3,262
68211bd3-e759-420b-bfec-992eaa3a6960,N3,263
469f8921-aaa7-46d7-ab21-7c791947eee5,N3,264
2cf36d60-e0f5-4641-af76-634bf12e9df8,N3,265
3957ab20-537e-4beb-9d60-822c4487d5c5,N3,266
6abff201-514f-479f-974a-7624557cdf46,N3,267
e1c4456a-ddb8-41cd-a5f0-eb769b585e8e,N3,268
cb8b959a-ea2b-4a42-ac01-4ba9cf67f914,N3,269
573747b6-66d9-4677-9b11-714b2b0209b0,N3,270
b57bb6ce-4927-4806-8d97-1bcc85961502,N3,271
b7b1f542-6e1c-4924-ad48-65b28b5336ed,N3,272
3bb697e0-669a-48c5-bac0-4fad5c9111d3,N3,273
fad8c14f-6f27-4559-b31e-c78b8200c51d,N3,274
d579c132-0a6c-45ac-8299-063461ce66b7,N3,275
0d7d3cb0-1bfe-4e7e-a908-d92e9c630bbf,N3,276
8ccd32c2-3d65-40cb-8296-dbce32d6ca30,N3,277
34296a34-9183-4518-98d8-79c763092309,N3,278
fff701f8-0c84-4682-aaed-687f1abce8e0,N3,279
7ed96956-9f88-41fe-81cf-4249680f6be9,N3,280
e25ea503-ea63-4975-8436-17904c442a00,N3,281
a82ad462-7f8c-41d6-8744-9106d3d437d5,N3,282
10e28079-2aa0-4ee5-a773-abf964bca63c,N3,283
4e8dd6f6-f1dc-4b54-b614-766d7c2513b8,N3,284
9d3926c2-3fda-4b05-858f-7ad4622c89bb,N3,285
a1d98bf0-2510-4120-bc2e-cd90dc248589,N3,286
f9a692c3-9d7c-4f47-af3a-8925974512a2,N3,287
762d136a-814c-49d4-818d-0d004b676c02,N3,288
fee04589-96df-4eff-af39-7fbc0c9e27ce,N3,289
6411484b-fd29-4590-b958-c9c644406e6c,N3,290
3f0c7867-698a-41bd-98b7-3fd1e2b04071,N3,291
840f8705-27e2-4c65-9dd3-c04f48a19643,N3,292
1e7a1a0d-a168-443b-8a05-f8b556f18267,N3,293
c63d56de-2794-4a35-a328-aa6c1dba64ac,N3,294
16558db3-d3ad-4fa5-96f3-f4522637f2e1,N4,1
4ed0d8fa-99bf-4cd6-8fd8-0df195198767,N4,2
6d4d4467-4ddc-4054-8d51-eefb1088800f,N4,3
27b10307-45c6-4692-901f-c9242e270f2f,N4,4
9af23ec1-edfd-4299-82b6-8ded63414a79,N4,5
198cebdb-2ec4-4c24-ac93-8dec32437ac6,N4,6
59164f83-b037-45f6-9c43-cecb71886414,N4,7
feeab52e-24d3-4322-b65c-60c86be1a08f,N4,8
12afa69f-0159-44bd-b546-7aff482a8e72,N4,9
6fa98f62-3187-47c4-aab7-da675e028224,N4,10
71e4e7ba-87e5-4c24-965b-48b25afc78af,N4,11
c847a79e-5a9a-44c7-9984-0808e17ed6f6,N4,12
ee42723e-4f7c-445e-ae3d-4a67244216bc,N4,13
304e8480-602b-4697-8243-20cb1ce73eb5,N4,14
3fd9ef68-93d9-49c9-b547-2c71ba91f7be,N4,15
1df42a49-607a-44d1-b136-88d09d4836df,N4,16
e30b466b-291c-4070-b165-46a91ee6d27e,N4,17
408941db-d96b-4ea1-bebb-10c424e4b0fb,N4,18
071e4181-f49c-4ccd-ba19-3bbaa9c40cca,N4,19
88836f6b-ec1b-4a55-be8c-b1f9680e4d65,N4,20
7f5d7de1-f855-4857-89af-b20bae1861c1,N4,21
b1b1a9b9-70d5-4421-960b-96a7dc859477,N4,22
a1c52195-2c64-4ae9-b87f-08011b2dfaa8,N4,23
ef2a61dc-dee7-46ec-afa2-121435dc54dc,N4,24
9b0325cf-bec3-476c-bafc-38b9d9a7061e,N4,25
d886fcec-7f5b-463a-b2ce-f0ff691e6df1,N4,26
5f5ef751-d733-4d86-a1f1-ceb26379cc70,N4,27
1e82a0b4-0484-4cd3-b668-b090cc2a8358,N4,28
3df89e56-9902-41c9-92c4-b7ed5d211d9a,N4,29
58b74e8f-03d6-4d1f-bf0a-fbbe0838bf01,N4,30
6f8cea59-2379-4474-a3e5-605fd2419cec,N4,31
fea3765b-882a-4305-abed-676ba8a23318,N4,32
87d6bfbb-b068-4762-882e-9c6640c718af,N4,33
596c7d01-3be0-4f78-b901-25d1e53c006a,N4,34
7e520ef2-9c38-4d48-a732-8a068a8c9af8,N4,35
31964963-55b6-432a-b486-5d0237512fb6,N4,36
ccb33e26-6768-4fa1-8097-2b5cb3fdc05d,N4,37
a618d908-cb6b-4586-bc20-b6f0670d0e7b,N4,38
4e97593b-2229-4f05-8a4c-9d9dac6a1beb,N4,39
2e84ccd1-fb69-47b5-8b3f-2e9bc79c3ead,N4,40
612d4fbb-6e45-4e4d-8196-fbec5b92f61b,N4,41
c700177c-d18a-42b3-844d-361cff35ee87,N4,42
05edd81c-07de-4bf0-a594-923786c07ea5,N4,43
7bb801e2-9d56-422c-94dc-2eba70de8c98,N4,44
c3ded344-2306-4797-b448-fa3544c02762,N4,45
601def4a-c730-48f6-a088-8b72082bea38,N4,46
56acf9e4-2d0e-4115-a08f-92f38862c391,N4,47
45f8498b-cd4f-499c-a268-f7c799005ade,N4,48
220df77b-9ead-4366-8e54-a6a7b14b78a7,N4,49
e393311d-3c91-461f-af1c-1076c9f95f60,N4,50
883c4623-2cb5-4d4d-99e9-0c3cc72724e4,N4,51
a7f5ba2f-4444-4f92-92e2-9d24f6de6829,N4,52
3357a4af-ab69-43b4-9e57-3944b14a1820,N4,53
601bf54e-e4f1-453a-b4be-114407b7a068,N4,54
f0ad0448-1808-408c-a2f7-6a72e90b92c3,N4,55
6544adf2-7d50-4168-a99d-7bdd582f8581,N4,56
e7c0d836-71c4-4e34-889f-a6a853a63994,N4,57
1a745ad9-2313-42dd-8cc3-0943fb3ceb30,N4,58
09bc3e95-59a1-4a9d-b197-3e7b21f11c5e,N4,59
30a1d128-a402-411a-827a-005339171dc9,N4,60
f20f902e-ac05-44c2-8766-00297e3f59ee,N4,61
133fb33d-26f7-4075-b737-bb127fe73ed8,N4,62
db33b7c0-f749-4161-9aa1-c889bd8026c7,N4,63
527f0fe1-f132-4edf-b3c0-513d11590156,N4,64
3184d5f1-1a74-4015-9cc8-709f7b6e60fa,N4,65
54a04b6f-be89-4737-9c47-77eab182ccb2,N4,66
dc2c9e75-3924-4285-88b3-626731137555,N4,67
2ddce4a4-7ecf-46cf-afed-dae0b8cf3377,N4,68
14f300e4-f851-4d17-8345-cfb5fed044be,N4,69
60757f4a-2e97-4f86-9a66-64011c8d1ee1,N4,70
2acf6a6f-07a4-4dce-9815-670b0c53c30a,N4,71
c5eb101b-0a57-4d90-ad2b-4c70c3612d11,N4,72
0f8ef1e6-9cf9-42bf-9c09-66564585df51,N4,73
9777cf27-431e-45fa-8289-7a1d8dee2326,N4,74
181c740f-2600-4916-b8c4-0d4fb99659ce,N4,75
457b7d3d-f6a0-478e-a6d2-f71db911ccb7,N4,76
0ecc6a66-1c6a-4d43-a3d6-d18e02cc6182,N4,77
085cb99f-59a3-40a6-b7c2-1d14e446b4bf,N4,78
242cba95-2981-4b3c-95bd-302bcb076344,N4,79
405b3e56-b824-41fc-b965-bdaa2853a701,N4,80
34070c91-1cb2-429f-994d-b363cb8c3684,N4,81
f6c32613-cf72-402d-8550-553390ce32b4,N4,82
31d9d77e-258b-4b67-8601-4e57e9d7b3da,N4,83
5624d160-68c4-465e-84fd-adaff8e93a56,N4,84
3e57b453-b97f-4cd4-a988-5204c8b9e9b9,N4,85
e024318d-6ad7-42c6-8708-d8f662e10784,N4,86
f90736cd-7825-48e3-84f9-1e444068c146,N4,87
19c6206d-eaa6-471f-9e79-b7840f7c8d81,N4,88
9aea92ed-6f73-402c-9abe-626865764ee3,N4,89
69ab9755-7f86-47fd-9ceb-b7235a8f1886,N4,90
1c3c29fc-0563-4f41-8871-4394a1d5249e,N4,91
d7ca0d6b-be5c-4c37-924e-49dc5602ae5b,N4,92
615d29e1-4b86-4006-934b-1a7d546c810a,N4,93
6a7c890c-4572-423c-bbfa-1dbcf51f9820,N4,94
e46460e0-e1e8-4c3a-bd0e-3ed06d85721e,N4,95
06f540a5-9608-4084-83ff-6f96c976b7d9,N4,96
6158e489-560d-49c1-a830-0c794f0d4e41,N4,97
c422eb1f-6baa-4d38-9cd0-f2110439da4f,N4,98
e2cf2c96-704e-4803-bd79-7825c0212384,N4,99
1f86b60d-bca6-4d08-a5da-3adc1dd3b7e5,N4,100
a8d6d476-c171-4146-9d35-8a3fcb60cde9,N4,101
cbfb46b6-7ef1-4b9a-a0a6-5f71f84604b8,N4,102
69dc9f8d-09c9-4363-9d4a-3a3862802858,N4,103
c1538a1f-3beb-4bf1-a757-94bce384381b,N4,104
458e9940-8b18-4321-a100-653200c58a1f,N4,105
5a772a96-87b9-44c0-9095-fa71ea99c086,N4,106
51864c3e-6400-4ddc-985a-8330c0408d22,N4,107
6367a989-fc5a-4cdd-9a8d-0c234fe30cf7,N4,108
c60d0fc8-3c10-435b-834b-edfe583f1f91,N4,109
293d3270-ee24-48c3-aeef-bab0ab3bf88f,N4,110
b66da02f-1e18-4f2d-bc58-7f773782c961,N4,111
5badff08-8b75-4f40-9f37-f0105f9fde0c,N4,112
b5f21752-3de3-4031-aae6-382db8d94784,N4,113
20555267-dcdd-428f-8552-d6d5eb89878b,N4,114
692545db-c473-46e7-b7af-d59b1830e78e,N4,115
42ba8102-0c31-4940-9ec6-abc9987fdcc7,N4,116
1c41963c-febe-4f49-b2db-5329ca255995,N4,117
a844616d-9ad4-42e6-b6a4-33cbeeecf959,N4,118
10d96c93-1b07-4b75-8d59-426c224e4111,N4,119
eb6ef1d4-a416-4eb3-aedf-ea9f02cb2dea,N4,120
d6165f3c-b97f-4510-8f84-6f5317ccddfb,N4,121
8d9afcca-eab0-43a3-a019-feb00cf800bb,N4,122
f137d9f6-95e2-470f-a5ef-6fb62d871c64,N4,123
56060243-4f72-46e1-bef8-769e247b937b,N4,124
295c6b5a-ab79-445d-9578-04b3b3811161,N4,125
dd2f564b-11da-496b-94e9-494d5e7233a6,N4,126
bbdf92a0-a0e0-45aa-a656-ca6251cdd38c,N4,127
85a8a1ad-e056-40d6-be24-d781a1d512f9,N4,128
8e191206-437a-43ab-b8d9-3b1f3a429f44,N4,129
1c06134d-ea80-4a1e-9086-7a003a78bac9,N4,130
418865c3-6a3f-4bea-9d51-898467f1b726,N4,131
fda1c5d0-51e2-4127-bc18-003d742d499a,N4,132
604935f7-be8e-4bea-9fb7-4280a5aa2dea,N4,133
9611e1a9-11a4-4936-8b5b-5476421cef6f,N4,134
bb4f14f0-fb47-4dd8-8654-45d934a89971,N4,135
4df0c1b6-5087-4fea-b6bd-7eb8904889ff,N4,136
5a717b81-2213-4b52-91d5-3ef634ce0e1a,N4,137
6cc59e50-b435-4655-b002-7faa5a470432,N4,138
514eaa05-a272-4b76-8a98-d28a58c09528,N4,139
69eb509b-7281-4cdb-941b-c25c562d2fc7,N4,140
c0bc1658-5efe-48d7-ba57-f62bb73592e3,N4,141
8b9b633c-82a3-4115-a46c-579115172f40,N4,142
51fd1ac8-4b15-41bf-8d0a-74a6d5762511,N4,143
d1ddc566-da31-4202-8869-194403807a5a,N4,144
eb473c47-0dea-476f-8a20-eb989e289970,N4,145
e6dd39c2-a048-4400-b73f-cce8dac057b1,N4,146
8ed9d354-5bb2-4919-9eee-ad04eb122b66,N4,147
fc924836-fcc7-40ee-b551-93c827228a0b,N4,148
d06a5fc5-29bd-4e98-84c2-4e060c0c06b4,N4,149
31e9ba76-db63-4b56-b61d-2717c7a217d1,N4,150
c0e3332f-c773-4d10-9fbc-879b0a41fefb,N4,151
d5efb6ec-dfd7-4fbf-ad22-19b0eaaad68f,N4,152
2b0639ea-4a12-446a-b5f2-9f89c3ccedb6,N4,153
37dcb9bb-9310-4647-9211-adc0f40d1136,N4,154
6e38f758-7b4d-4f02-9a80-1af77259c61a,N4,155
027dd0e0-3d2e-404a-b893-8ca3ea929a7a,N4,156
6ef188ba-f8ff-445a-bf92-230aafa5210d,N4,157
1a10ceeb-a8ab-47d9-ac6a-a45da1f12b02,N4,158
58d98526-c84c-4acd-9ab3-e7e38e1530d3,N4,159
84917b85-4e41-4df6-a6b6-93d3c5306193,N4,160
91ea147d-c63f-49d6-bbce-0ea1a6247b85,N4,161
abe692bc-dff5-4a80-8139-cc1b13f84ee4,N4,162
04737391-3ae7-47b1-a216-ed38c6a66f91,N4,163
eb1ef1fd-7e7e-4f16-81a2-8a5687c78a53,N4,164
a7879959-936e-4d1b-8935-4889e497eaac,N4,165
a5686249-a23e-44e0-baf0-76c842f25b17,N4,166
7df48585-b8bb-46b3-bc1a-a166be5dc1ad,N4,167
eba83c88-24ae-47f9-8a1c-1eaa9430688c,N4,168
5db720c1-8b67-4427-b7f5-b0f2c51617b0,N4,169
67d403e0-1caa-4667-a0e0-35398dbf6746,N4,170
5592062b-63cd-46c7-b742-1633f6a2b556,N4,171
73401249-22d2-47c3-b465-d396801ff9a9,N4,172
e5c85561-48f0-4322-9f50-943ba3695a36,N4,173
2be26920-6bae-4bfe-9d60-aad81a42b6d7,N4,174
ff245184-3845-4d50-8ac8-e061faaa9bc2,N4,175
807e0b68-1ebb-452d-9f64-b65907e9cd77,N4,176
6c6eb99e-0068-4570-a7c5-8aa784de357f,N4,177
1c6138df-019b-4fc9-acbe-9e2974b856c8,N4,178
e7fd2bfb-eafe-4c50-9e36-2ce4805305cc,N4,179
3369efa8-a57b-4c6d-9603-9d428a7b1846,N4,180
84a7f061-53e2-4580-ae05-a951d4c31d67,N4,181
d49ed2fc-dc5f-47d5-9c3d-cc2a202622a0,N5,1
96305cd7-af5e-4e42-9f94-df8941cb246e,N5,2
e74dda50-0a74-4bd1-a7a2-897ac337f5ed,N5,3
24e6b7f5-346b-4cd3-beed-6c9d653128f0,N5,4
7775b01d-445d-4079-a40e-2b2536b7452d,N5,5
f39be724-ef5b-4ac7-9c9d-3652b8ad333a,N5,6
5afbb0aa-405e-4589-b543-12abef5feb28,N5,7
6f56cc19-7b88-43a1-b583-bdc74ce1a081,N5,8
8598d53c-d3f2-4a70-91fe-24f204284034,N5,9
63f87196-43d0-4032-9de6-8b344695f220,N5,10
57a7bf4e-38c4-4fc6-8f0e-4b9b4f836192,N5,11
bb1ed672-b890-4d0e-bf1d-036fa77add57,N5,12
80c055d4-0a4b-47d2-9387-dfc52fe6af88,N5,13
a64cae08-afc0-4df7-a5d3-cd53fb831601,N5,14
4c8c12b2-c33f-4b63-bc8c-d85db9796a2a,N5,15
211c84d8-8e7d-40d9-acc3-3f3d5314126d,N5,16
80ffe1ab-b6ea-4d9d-8bf7-9d0c07800d13,N5,17
36b25556-b505-4aa8-907f-af29f1964564,N5,18
e872a098-c7a2-49d0-bd7a-d47ac5cf66ea,N5,19
a8c032bb-aff6-4993-8fa6-c25818862a95,N5,20
3ee48697-29bc-4309-8baf-dcf8626fe042,N5,21
b72ed837-348e-4d3a-a38a-81de180236b9,N5,22
87f77925-4420-4c7c-b7bf-fd14608b22d3,N5,23
eb78771a-1d5e-48c3-8b14-da2e5dd2c2a4,N5,24
3cdc68f2-5f82-4c30-aed7-24a8750d7c4d,N5,25
41589c97-a7e2-492c-83b2-a9fcc3295452,N5,26
3e18b93d-2b13-42b3-9564-6b9e585060b2,N5,27
f2652250-47d0-4fc9-ab9f-96ede0b52d5e,N5,28
d7e1031b-2717-4dee-bee8-57fae5559d5b,N5,29
5f2a5e7f-9c31-4a2a-a3bb-3ecc3d012a3d,N5,30
73af7acf-d260-4ae1-b86e-fc56c422ebbb,N5,31
01334a5f-b39d-4370-8aba-3a3da82179a8,N5,32
044eaeea-544d-434e-b4f5-ea67906537d2,N5,33
4c877a3d-d361-43a5-b9cf-f0d861d90096,N5,34
81980d0a-4231-44c0-a0ff-e2a2b082e750,N5,35
e885ca35-972b-4b9d-8fa0-e889bb60589f,N5,36
aa5dc949-08ec-46c3-94be-5a2ac61f314b,N5,37
c1da6e98-15df-4869-80be-65ad20266d45,N5,38
5611737e-7dff-4376-8e82-cd6e7e825626,N5,39
36722ace-93a8-49d0-8d0f-39f24ca4764e,N5,40
0a970236-e030-4bb7-b120-dfbee3f0d11a,N5,41
99c3dc30-6355-4b77-88d2-4b31a00a3953,N5,42
8ca7bdc6-b73b-4ffe-a32c-f5312e09eb71,N5,43
daa2c491-f2b9-45c8-95cd-0aeb5adb8f2c,N5,44
1e119261-86f1-41e8-a9be-56661d130c63,N5,45
0a5e425a-f9cf-444f-aaa3-b7b4a91305d9,N5,46
42c29a5b-0189-4da9-bb06-f678c1338650,N5,47
396ee0c4-de87-4aa0-8b6a-15e5896c672c,N5,48
992d8573-a67a-4009-94db-b32a2dc54487,N5,49
c1b8ca8b-9aee-46c6-8185-b5f1fcd4a49a,N5,50
a3d48024-908f-44fb-886b-41e47ce57054,N5,51
83ef878d-f593-46a5-81b4-342cf6169ea9,N5,52
e2d62259-777d-4cfa-883a-c1f38f481e58,N5,53
59ca656f-7036-47ca-bcd5-1c4a179cb546,N5,54
3c93efc6-cbe6-4e55-bef9-1d2165922075,N5,55
257ad503-9666-4c8e-8d4c-90edb4d53012,N5,56
0e067a92-8ebb-4eab-99f9-f38aaf722333,N5,57
5d222972-d4a6-4373-93d9-f561a7ffbdc8,N5,58
ebda6a77-3996-4514-b9e4-96e8e2ef74e3,N5,59
eefc7ecd-078a-49f0-80b6-ddd6eba389d2,N5,60
278f863d-ba3a-4171-a9f5-6b840e4a6d33,N5,61
863ffd9a-1003-4093-a500-3d1113db0df5,N5,62
cbc9e713-e32f-4c69-9ac5-0c6f92fe0818,N5,63
09b8adba-4627-4420-8b9d-a39459231eab,N5,64
c18e3677-7c5e-48cd-b868-bf19cd734921,N5,65
b2fcbde8-12c0-40a8-8454-cc671e88b57c,N5,66
cbc1590d-7bd4-40ce-93ee-09fa60312926,N5,67
4f541b13-8530-43d0-8f45-915f742b9ed6,N5,68
59741921-3897-48d6-8046-fcb45b388437,N5,69
810f2116-0e5a-4614-ac33-3aa79469787f,N5,70
f1e3a247-889a-488f-b169-18adf81ff71d,N5,71
f16a479d-6f2e-4de2-bca0-14b9845eedd3,N5,72
28bc7b12-1b73-4072-83c5-3226b360ee29,N5,73
edcd3f71-4fc8-4b1c-b8ed-9d1fc240b052,N5,74
77b5cec6-8266-423b-9cd9-05afe91f9d44,N5,75
ed2bef14-a772-4858-b362-3b4dfdc4bc9e,N5,76
72632080-a14f-460b-b1de-d677f291b423,N5,77
05e29835-de09-450c-acf6-ec10adde10d8,N5,78
65cb49aa-725f-4bb5-8557-18307881ba9b,N5,79
7ff51094-acb4-4537-9b49-6aaa90827d10,N5,80
44414805-4cff-4b8c-905e-2b933ef4eadb,N5,81
33e2efcc-d751-4bf9-bab1-f2cbed51b1f4,N5,82
d6643e5e-cafd-4034-b9ab-ff3bde4ca6e0,N5,83
ab8312ca-27b3-4347-844a-c624aa323599,N5,84
d4dcf5d7-b704-4745-93bb-9ef3debd8e91,N5,85
deba6bd0-1cc9-4849-8a14-369ea9b0564c,N5,86
426fc612-b790-4f65-a3de-4a123cedd96a,N5,87
bf26660a-93e7-4170-b176-4d783c5279db,N5,88
5410fc50-e470-427f-9148-3454a097dc2b,N5,89
edcc9c9f-5be8-48d2-9014-519103d9c3e1,N5,90
a660f0f6-6a03-4607-87e1-051f6111f518,N5,91
5a045744-6353-48c8-988f-3590ee6530e3,N5,92
d76a1e91-e700-4e37-820d-38cb23bfea17,N5,93
d270cccc-cc91-473d-9ce4-cc807e4b03bd,N5,94
17fc11ba-2153-45e7-93f3-f194af9a25c2,N5,95
7a5b4ee8-a3a9-4abc-a2bb-3004b220fe3b,N5,96
a05e43ae-2a3b-478a-8ffa-ce6162796127,N5,97
93a1da3f-3c6e-4095-8091-2fca9c0670a3,N5,98
9525b8eb-a42d-4033-9181-4c7f68bae6f9,N5,99
b78d79fa-6ac4-4353-b865-c90c1cbd24ab,N5,100
2c9116ca-9683-4c7d-8a00-384e6a74aa74,N5,101
5ff65a55-9436-4a0a-a9e4-442586e761a6,N5,102
fde68fa9-1783-4f56-8e3b-b1578ee89415,N5,103
65646b25-f706-4369-a4c3-c9f88f7005d5,N5,104
1456c44a-c096-416b-b993-d3619bc23bba,N5,105
3a822cc0-5d60-4143-8614-cf2267da3d44,N5,106
d0d8b200-7d63-4524-be87-200d516139a9,N5,107
ab3e904f-7532-429c-a1f5-3da501185475,N5,108
0e587e1a-997a-4fd3-9d16-de99c4273db3,N5,109
7811698c-7ffe-4e0b-978b-f3aa188b6900,N5,110
