332a797a-cabf-41a4-82c4-705340a84666,N1,1
c9b7b215-503b-4cf4-bbe4-0e053f94881f,N1,2
420d602a-e73f-4c26-a14d-0347bb042e06,N1,3
608f05fd-da4a-4557-bd86-a29d4d004557,N1,4
8ae153b7-eb56-4bc5-a00c-4767f637ca86,N1,5
f1d066ed-15d2-48d1-8a5f-3b60dad4d8cd,N1,6
beed5476-ef30-4d1d-a7b4-13dffbade3fa,N1,7
a722c89e-c955-49ac-9a25-1ee90db045f8,N1,8
8e5da88d-1cac-4a7c-8d18-83d12b756df4,N1,9
528f8eff-ec53-473c-ace9-8126edcb3b03,N1,10
bb4b4746-5a0b-4973-bc23-4e805b18ace9,N1,11
b8bf2eb9-25c8-474a-9367-8ed501af3629,N1,12
89f1188e-873a-4b9d-a7e3-5d1050bd94a9,N1,13
182037a7-ecbb-4dbc-b7ae-43cf933e14f6,N1,14
f50ff718-216a-4b3a-8a67-34a5c5791dd6,N1,15
8419aaa1-2686-4fdd-81aa-62d0a7c213b8,N1,16
be99e543-ac31-4836-8e2b-73ac40dc7165,N1,17
fde3ad7e-f22a-49eb-b582-87a79a66a855,N1,18
54e8e223-24b2-4bb8-bcb1-98480d5ab7bb,N1,19
99538713-fabb-4941-baf7-6bbdc86797b3,N1,20
d021b8f4-9e21-4ebf-a9a9-0a2bee4baa9c,N1,21
d11025c0-92a4-4a40-8681-131099cbca36,N1,22
e35aac15-3a58-49e4-98e4-61c4af2c8734,N1,23
e5fb52d1-3fe4-4a0e-a2d7-655201fc8066,N1,24
04282a83-c3a7-43fe-8a5b-ac02e43ffd79,N1,25
117df44b-1c8a-4ab7-96a9-8fbc19361c31,N1,26
89935d75-4379-4a8f-9e22-8796a5a79831,N1,27
a7455fc2-f69b-4a01-adc7-f0ec6331ce93,N1,28
d4b9d2b4-60f2-45a0-bb36-f604336de1dd,N1,29
7ed5b84b-e5ed-4e01-bad1-4aac8849419d,N1,30
40f9e24c-1f53-4f12-9c9a-90645fd426c3,N1,31
7d755ff9-93db-46d7-8c81-68c2d1106e17,N1,32
4314f43e-5ea9-4327-aa80-1dbc8c3ad6a0,N1,33
6ef92ef8-31ec-443d-aa3e-32a87de9f222,N1,34
5d9229df-afdf-4fbe-92a6-a55a6f6fbe41,N1,35
a47e797f-c3a8-46f9-9251-e3b721b644dc,N1,36
4cf2f84e-a872-4bfa-b34f-576ccb6752f3,N1,37
12b7185d-fa7e-474c-b17e-f84505b82ba5,N1,38
466f8494-536d-4e8b-bcf0-dd6829a5a9a3,N1,39
65b29923-2ca0-4005-863e-47e1245ff0cb,N1,40
81794f66-8a25-458d-b98f-3d16962a0621,N1,41
48f6b1d9-ff11-4912-9940-d95c37ad19db,N1,42
1767f4dd-b679-42a9-8a4e-ab24b464d2f2,N1,43
86bd113e-68e9-4ea8-abf9-ad8569deb4a9,N1,44
39e61fc1-373f-4747-a56d-13baadf06bf7,N1,45
7564e254-725a-4bad-a95d-382aa9955b9d,N1,46
f9dbf035-de8d-4c21-8489-b550f93882db,N1,47
401f58a2-ce29-4339-989a-3e3ac81c70ff,N1,48
2ddd6853-6812-42b0-835b-32b02a477aa8,N1,49
b4a84ac1-6c56-4cb9-aa52-3137a7b8efff,N1,50
8794c1b7-5408-4a9b-a820-b65ccc436ffe,N1,51
3d72c7bf-ae7d-4dad-863c-946a530323eb,N1,52
a42ded10-9330-4280-a853-9d6435552711,N1,53
8147e4cd-7ad0-4535-b120-56d40f264c33,N1,54
842d64ad-425c-4116-93be-f1791c9e001d,N1,55
02fcdc51-a30b-4e31-832c-4c89d44f6106,N1,56
79b80b25-2c75-4399-b7c3-dac9268a29d4,N1,57
d1722e16-4b12-44aa-a862-62f2b5d87539,N1,58
e56d9bbc-d430-4c27-9558-c65b6493b344,N1,59
b44ef3ab-1781-49c8-8cc9-db55c5d6bc16,N1,60
9e258613-91fa-472e-8ee5-7a7c2ff58494,N1,61
e4ba4e41-3aa5-4efa-b3e3-7a497bf74132,N1,62
dbd8a457-ca82-4053-90ad-41a2fa265bad,N1,63
8fea6dae-604a-48b2-8001-c58568b0ea04,N1,64
a94dc80b-58cc-49b0-8660-6eb4b0649c62,N1,65
4a22e285-d56b-4c8f-b9dc-508ec9bec919,N1,66
f0260611-c3bb-4d6d-93aa-b546277d78d9,N1,67
94b74243-7511-45d1-ad61-b50e4e520f78,N1,68
2974c067-0aec-4a02-becd-917b89b85837,N1,69
c3c7352c-e6ae-4207-8678-5ad48df8a298,N1,70
1f919ff4-9f61-4cc7-80ad-8549bfdcb2cf,N1,71
bdddd0b8-59c0-47db-84bc-99f1a6fc69db,N1,72
82b3e7ba-7c93-40c4-8dc6-8c3fdb07d3dd,N1,73
c9392acd-a44a-4377-ac1b-65a9f8189e8a,N1,74
4b538e34-76bd-4fd3-a73b-ff8e074526fd,N1,75
89c88d63-e071-476f-a4da-2e452e666b56,N1,76
85758751-bed4-430f-bb76-9bc5615168ff,N1,77
97c09486-6c14-4dd7-b6a9-35b264a2ca13,N1,78
3ac8153d-bf59-46bd-b0ec-64be044bfe79,N1,79
7b212dfa-25c3-4777-90a8-14f809670b24,N1,80
1e854d99-ad1b-4705-94e6-30e1f4db0c41,N1,81
7d10abf2-5a6f-42ae-a414-678abd4837ba,N1,82
25e3166a-4b57-4249-962f-8a5f5eab0804,N1,83
ad9fd1a4-e774-4fca-985c-5dcee0ac03e2,N1,84
cb996584-7998-474f-b5ea-ecdab25b756e,N1,85
742a1aed-fd3e-41ac-b3fd-c29ff6a36893,N1,86
4dcfe7e4-f70a-44da-9a74-6aba35002f7c,N1,87
535ceb21-651f-4bd9-88b4-946fdadc8c93,N1,88
c7e49013-eedb-4cc9-bbe9-88d52bea980f,N1,89
61afaaea-1dee-40ce-ac7e-d4488ef2f145,N1,90
652c4893-d858-4d05-9a7c-716f0c75cd47,N1,91
69f5949d-5af3-44d7-a117-6be3e8c2e93b,N1,92
78c2e47c-22fa-491b-a64a-e85bcea0bc3a,N1,93
c766b64d-fedc-4c59-884a-638684275e16,N1,94
1686ee81-1dd8-4fa0-bc20-967afa298e8a,N1,95
4f339609-781e-46d7-84bf-6f1dda3bcad0,N1,96
e5a980db-e147-42bb-9422-39c52801c525,N1,97
b6ff1809-fac6-466f-a500-1304745a4b84,N1,98
d20c81f1-fb09-4c52-99c2-633240964ee6,N1,99
2daf9d9f-8cbf-44ff-b7d7-897eaed080ac,N1,100
79433537-e88a-4dea-8a65-e31abfb4d893,N1,101
08de65ba-9aae-4860-aecf-858a186b63e7,N1,102
5ee16d2b-d2cc-4e1c-b666-086f3b3e3981,N1,103
4c97bc1e-21e2-4227-ac30-7aa333f1bb4c,N1,104
17ade9ce-085b-4b06-9d68-c18e2e31b7f5,N1,105
609ee92c-6664-44d8-9434-1bab47a945b9,N1,106
a822a0d2-ef85-4442-986f-88ff9a44b4b9,N1,107
9aec713b-5379-4e68-8e66-94a431dc1ecc,N1,108
de68e60e-2fb4-4f3c-b4ec-c1e233dc3da4,N1,109
a06ad5fe-569e-4e1c-aa55-c66b068a193b,N1,110
ecac955f-7680-4d48-957f-5401fdb7491b,N1,111
19306d6e-0f6f-45d3-a7a4-0d820bb3869f,N1,112
48c2295d-91eb-4516-b3bc-bbf9f0662590,N1,113
4eb40482-8852-4282-aac7-528c31ae404e,N1,114
e4cdb977-6d2f-4f02-8883-1f3e161ef58f,N1,115
6c5d4191-5d17-44c2-9f17-01256653aef2,N1,116
a1982904-3069-459c-9811-c1d43d0f4eb7,N1,117
620a2af4-4b00-4947-9c68-cc32f8fa921a,N1,118
6f6cd595-5996-4aae-8df5-6824763fb01b,N1,119
3cdf3d8a-0bd3-4b01-a982-3aca35ea9ed0,N1,120
db0209f1-e6e5-478c-9762-31fa9aa5f4bb,N1,121
9636a0e7-9023-4cf1-9228-d4a467f4a858,N1,122
325a2bac-bb9a-4369-ac01-c9f16b719620,N1,123
4b40ad19-3eb6-4eda-aa31-b1245887f611,N1,124
a3d92f78-1f1d-471f-9266-a9c24618b1de,N1,125
30a38f8c-0f0b-4b7c-9a44-863cb14ba734,N1,126
8a0458f7-2852-462d-bf0d-7bc5e4bab31d,N1,127
7448ed18-c757-4b74-84f2-a56105094cd7,N1,128
cd939787-57da-4553-8958-d12605364c6c,N1,129
51ebf132-d810-405d-a845-3de6987ecc14,N1,130
3d5c1062-90aa-4943-8479-20fcfcd62341,N1,131
b6e49684-2e81-4baf-8b8e-440567a502a1,N1,132
b7683323-ed8e-4b29-859d-1b03b18dd418,N1,133
f4c1d059-33c6-4608-83aa-c5b2929e6751,N1,134
3c0eac6a-1ad8-444f-9fac-6c8154056ab0,N1,135
3def8adf-2f41-4331-bcfc-9f9b7a215047,N1,136
5314411e-14a3-4fa5-af13-0d3f6c6a0c75,N1,137
9ad91e45-3c20-4c95-b22f-25174c458195,N1,138
6f252e8a-ba3e-46b7-a267-922d12b670d9,N1,139
11693298-bf49-40ae-ba1d-65f846a6bebd,N1,140
807efa70-e962-460f-b9e4-4e9462ac0b32,N1,141
14fcadf2-adf9-4f53-a8e9-def88210869a,N1,142
d71bc4fd-d903-4901-bce5-1c21a80b1a70,N1,143
7be200aa-bc46-40cc-a47e-0eed181f0c82,N1,144
80645f33-bfac-4f07-bd50-ec1dc314f3c7,N1,145
4389b4f2-5041-4e90-bd57-c4c8b4a4fa3a,N1,146
623c8c57-3a23-4a38-a26f-695bc2038bc4,N1,147
26b3e78b-cd71-4cb6-909d-f7b4309c3841,N1,148
62ac31cb-bed7-4f44-a272-25f235210779,N1,149
94d133b9-18c1-4576-b1ce-4b996d1f255d,N1,150
b9d752e9-d7a3-45b5-9bf9-5cdb0b5e8195,N1,151
fe5cc820-2980-47f9-b3f0-ca3aa6ef646a,N1,152
d5446dcf-b98d-4925-a029-ae23e389dea8,N1,153
1997aceb-84aa-4190-a6cc-1aca1514ac8d,N1,154
6f1b5635-0091-41dc-8a24-7bd4d8e7eac6,N1,155
169f6309-8189-436e-b78d-6ef63e468eac,N1,156
a9837f89-340a-42b1-99e4-fddc7c83373a,N1,157
5e5f9543-8018-4628-b4c0-ef8f6a7334ed,N1,158
4a33edfe-8508-4b62-afcf-1485a7565b07,N1,159
0c410af1-f541-40ab-aa3b-b9173c95fcd7,N1,160
d91ba4cb-a3c4-4c41-8b8f-bdbe83efd0a3,N1,161
3fb9c4e6-9f7a-40e5-a707-e467e640ab59,N1,162
7c50488d-7512-4505-96cf-6469631f9c23,N1,163
90668cfc-6261-4caa-88f1-6551c9a8ffcd,N1,164
dae1d9e4-fd42-4cc6-bc8d-96dd86d30db7,N1,165
4224e48d-3223-414f-ab0b-78c0b9846137,N1,166
8a04e5ae-4e7e-412b-a752-ccbecdfa1f20,N1,167
635eae07-19cb-456c-ade6-7f1425c197c9,N1,168
aafb7099-8b36-4173-9ab4-2f680e6e5fa1,N1,169
3f680e56-4ad6-4d7f-9ff1-1e3fa8115b7f,N1,170
967e473a-2f12-4cde-834b-890d30d96139,N1,171
e0ea7788-8e85-4a4b-9771-3f92d9d69016,N1,172
4495ce5e-40ab-418d-b22a-3baa09bdcf57,N1,173
0261f15c-2bd1-4634-8535-db38085c3373,N1,174
3bbbefa0-1a58-4c51-a1d8-29b3bf82fb72,N1,175
7c061c09-26e2-43d9-8f26-f93bf4703c6a,N1,176
f114fdbb-c190-4b2d-90da-af7cf1247e77,N1,177
fe539a72-885b-4286-9737-be66e4252c9b,N1,178
a1629c6c-e069-4d6c-a3a3-15f19c3e6767,N1,179
68a1445e-572f-4f9d-9b51-2c812a424d4a,N1,180
6a638df0-c6b0-4117-a208-65896017f0c2,N1,181
0803b935-d3a6-4edd-aca3-1def4a08361d,N1,182
3f67f938-8dec-4bf5-b6a5-f92af4500480,N1,183
3d07196b-7ca1-4476-b946-9cdd2e04215d,N1,184
917ca6e1-829a-4e05-a130-c62d13c88f1a,N1,185
dcef03df-d14e-402d-8d1a-94807b3b61fe,N1,186
98193433-6daa-48e1-ab3b-cf0c39a31858,N1,187
d2943f26-ffcd-48b2-b7f6-e72b89f4bc37,N1,188
49b66e94-06da-4a6c-8439-d95899a81be2,N1,189
35217290-fee0-4c02-801e-aa50561781d3,N1,190
b7006263-9306-4f47-ba2a-8d0e780f737f,N1,191
9f9f9bee-9b44-4b6e-87e6-e4c68a7aec33,N1,192
cf7b688d-2177-4470-83b2-fad443035249,N1,193
e4b265ae-e9f5-448d-bc15-8ddf546e24d8,N1,194
f6636b22-aac9-4d4f-8289-bc5ebb0fb4ab,N1,195
557835f2-2e3c-44f2-8a38-d4854046eff7,N1,196
0048c621-0a20-4cb5-9efd-a2767bfbd665,N1,197
4bfe5d22-a515-44de-8609-61ae880f4ad9,N1,198
0ce7a476-1c76-4d29-8eb3-6b9675195545,N1,199
f078c6bb-acc6-46ed-b888-55a45ccfa427,N1,200
2d230be2-e962-42c9-b674-aed3b99cd2b1,N2,1
1db7ce95-5aeb-4374-aa7d-f7d9795d0709,N2,2
a7509814-45f0-4675-836e-77a9a9c63846,N2,3
f4a0ecc4-2fce-42e5-8c66-624942e2c1f7,N2,4
fb1e259b-2311-4528-b8bf-41238576a4d7,N2,5
0106efa3-f7a9-4609-8ef8-9d88343b5286,N2,6
d3fdc894-6c2b-4ed4-bedd-8f0f0ccd8d92,N2,7
f362e2a9-3376-4fb3-8f47-798877744495,N2,8
d4a78714-87a0-4470-8e75-4e502e17fdb8,N2,9
4c72e464-a42b-4b66-b279-13be010f015e,N2,10
086c88aa-906d-4697-8c94-e7ad6959e705,N2,11
f8300bd0-104e-4029-9246-2d35d5af4c56,N2,12
b81eed81-9585-416c-9314-da64d49a9077,N2,13
fbf4f03c-a475-4960-bac7-f87b2e69289a,N2,14
c19f4c51-c695-48e5-a239-c3f5fef14ec9,N2,15
5fd0d962-a70c-4ad0-8fdd-38f4823f6598,N2,16
76003d72-c42a-4dd6-8352-fe1c42563da9,N2,17
da0bb699-1be9-4c03-b6aa-c788c3edc170,N2,18
1936ec48-0521-427a-a7bf-0c1314758f6b,N2,19
787122da-d532-4056-b1b1-d4862a885b9f,N2,20
d32a7656-d8b2-4ea5-a8e1-abffc14fc1c7,N2,21
732c16b5-da24-4420-b819-789d37246e1b,N2,22
84b45f37-888c-4087-870e-74e55380ebae,N2,23
2ae9bde1-20d3-4b79-8dff-c744a3cd8bbb,N2,24
9bf171f1-2dba-4d52-9d96-2ef015ec40a2,N2,25
2aab2b6c-d23d-410b-b5f1-be8ef11fcef1,N2,26
79813ad0-0d45-42f1-b0ce-512bf04cab2a,N2,27
594722af-466e-4cad-8ee7-fa4963096c0b,N2,28
dd5bc7a5-f14e-4cc2-9599-b94d534945bf,N2,29
283739c1-9b6b-40cf-8bff-a1424e58efd4,N2,30
0ff2065e-8a55-4083-875e-f4d6285806ac,N2,31
52b9419a-3f70-4a3a-ba46-c0ce4d9aa89a,N2,32
d1127b72-6f8d-47bb-8e43-b3291c06c791,N2,33
be2e32d3-7d15-4085-9ad3-61db8786a8de,N2,34
6414b5c5-4e36-45ef-a923-b68eae5cd288,N2,35
02e23ff5-1911-47cc-b901-a086e4bb307e,N2,36
f34681d3-1177-45e4-960e-308cbe30f931,N2,37
40a0a175-8e0b-446e-8863-b6bc5a66e06c,N2,38
8c40eee9-93d4-468f-b392-4c91bccae1fb,N2,39
d793b4fb-036d-4767-97a9-023ce6ae4abe,N2,40
608d20c6-649f-4e29-813d-96cd1fcb2e48,N2,41
0b05e7b8-2827-47fc-93b6-dc38b814a28f,N2,42
0a07f76e-de3e-4b4d-8dfd-23fdb55d45f8,N2,43
2b619553-357e-4498-a943-af356867caae,N2,44
fdc4ce1c-b532-468c-8482-657e2d999a74,N2,45
103c2837-364b-477b-b8fe-35d7cddd36bb,N2,46
270c8da6-314b-4003-9dff-91b1fc2e3214,N2,47
bef30bca-dd89-49ac-b9b7-1231cd943b3e,N2,48
cf260dfe-84fb-4d79-ba7a-a375b07e5817,N2,49
64040b72-5039-4d45-bf0e-23a15a5fc7d0,N2,50
a116a81a-4392-4f5c-a04b-6a7423de3042,N2,51
20983e86-c485-4415-b14f-83e9977ee209,N2,52
3de04835-dacb-4e27-9cf6-a675eb2bbca3,N2,53
8a1496e0-60f1-4eeb-8eb0-e69a7225f4a6,N2,54
b61f2c09-607a-452a-8125-ef500d6939ee,N2,55
ce6b9931-13b1-4eb9-a678-ed5a5cc9bbbc,N2,56
8c84262a-4dec-475e-9ecb-63950e3aa3bf,N2,57
7111a248-7baa-498c-b604-5ec9705fd60d,N2,58
4f3dd12e-3610-4ffd-9098-028a37338cd6,N2,59
bb853b8a-7f26-4683-8e0c-ae20c3f2c7b1,N2,60
1d757d37-87c4-40f9-acf5-86dd759744b7,N2,61
b9c48f31-2c2c-44c8-9abd-43414aeca506,N2,62
9aae26ab-8210-4a1a-ba7f-c091d1b8fe8e,N2,63
683d1c52-4e6a-43c7-a1e0-3ec56fdde812,N2,64
a0e68835-e9f9-4001-9394-ffc66f7e09bb,N2,65
59fcc924-595b-48c4-affa-3938ce4d0ebe,N2,66
627e8f48-a42e-41e9-a62d-ad9be79b605a,N2,67
9ed7ac1d-0ee4-4703-b06b-ff055de16db8,N2,68
280e0fb9-6ef9-437d-b679-dbf83b9958df,N2,69
5f18ca57-e194-4370-a82a-defa1968fe3e,N2,70
479228a0-1ab2-4d6a-84f7-624183e64143,N2,71
e9f386c6-1930-427c-a287-7f48ceebfe29,N2,72
97c4f15a-7752-45b7-89da-58d5bf7f392d,N2,73
56c8a181-e32a-4d96-9eae-09bf8c1154f4,N2,74
d28584c3-d333-40c4-bcec-f3f02fa9a4fe,N2,75
55479efe-d4cd-4acd-804b-727d823afa5f,N2,76
ecb6a6f1-2916-4606-977c-66c10f60259f,N2,77
c8185aef-9d72-47ba-87d8-55759b58f6d9,N2,78
71159633-a5bf-4e4f-bd92-09e9d78b6b06,N2,79
7816aa73-d9a5-477f-b9f4-686ec7088607,N2,80
8f93475e-c5a1-40fe-993f-830edc3323b1,N2,81
21453e7a-1586-4d8b-a24f-2143f19c31c7,N2,82
bbd7e023-5c3e-45ff-8692-76cad500a9bd,N2,83
457b7dab-6953-4f83-8984-6bc3ed4a2b78,N2,84
631d8f3f-453e-4950-85d9-7cc82aec8003,N2,85
801b405d-48c7-488a-9bfa-9f6db684bc43,N2,86
01186369-2a19-4bc7-9b2d-ddb18311a003,N2,87
fff6c7d2-48a8-4cf1-838e-1ad45c16a5fb,N2,88
1f0912e0-03f5-4ab2-a6aa-84a3b582d889,N2,89
f8605c3b-b45c-475b-8f8d-fb60a8d9bf42,N2,90
6e6053f9-1b88-4e87-a734-f694a9374036,N2,91
c60c2c40-cd6e-415f-aead-2a3c35d1ee15,N2,92
3c461713-e094-47c6-90fa-70f8099c0ee5,N2,93
cb4b0c35-1605-4214-9d20-abc15e6e38a0,N2,94
0aa1cfed-3b05-4110-bc14-01a263a182e5,N2,95
913effb2-55cc-4ada-888c-3c2512354d50,N2,96
ef8a4d17-4385-47e6-bef4-f2b80806ecb7,N2,97
56804984-f6fc-4bee-8390-7ac45b9a95b5,N2,98
2416ea36-df8a-4153-a4b4-b9862576cd8c,N2,99
fe8583ee-5e41-4d13-9f89-a9f3a698267b,N2,100
53501631-765a-4bb0-a15d-deeace543b86,N2,101
ba134873-5660-4ba1-8dd5-a63ff2ff37a5,N2,102
a596910c-7b69-4203-8594-643a158dc0d8,N2,103
b6251d7f-bb9e-45a5-ae35-0c71aacee6e5,N2,104
6084a418-cf97-4953-bdc7-ec6d67a3cba9,N2,105
e2ea5496-c02e-4746-a1f4-397df6fc3cef,N2,106
7f7eea95-079c-4659-a796-22cdabbc3b65,N2,107
a3c2dca3-2c24-4615-9815-ed3877f68fc4,N2,108
addfb49d-b875-4773-8c97-d838b79c003b,N2,109
e55a8a51-6249-4368-84e0-a2f2963c4318,N2,110
01358d87-5353-413a-8b8c-8b22b44029a7,N2,111
56a48519-0216-4d04-a1b8-f4e719ea7502,N2,112
1752fffc-ff8f-457d-a3a0-1eb7492b1702,N2,113
2c56bc4b-2852-4f0b-8c4b-580d50e323ed,N2,114
00fb78b2-906e-4384-adbb-a0e9319dd2fd,N2,115
9e21c182-a4f6-4d88-9873-25434871ead8,N2,116
4a1b01e5-b4a9-4bef-b6dc-4d1c1ce78b96,N2,117
c0098f7d-f00b-4257-ba00-ce8548236c6f,N2,118
ff0a510e-e806-4d10-a099-fd1e8427f1bd,N2,119
173545c6-7410-4476-b303-627a6b521a40,N2,120
70a333a6-a7b3-48c7-a0c0-26a2286b2e06,N2,121
bc5644fb-149a-4c9d-bd4b-71f4f27df623,N2,122
91b18f74-4fed-4da8-82e4-9aa5bd62de3c,N2,123
4c7fc363-a4f6-4250-adde-e9e5f6dcb6ae,N2,124
a7d00b2e-c52b-4d13-91bd-8dbf9d45a188,N2,125
b0b7fcdd-d098-4e58-a9bf-acddcc480038,N2,126
1e2cf8a0-36a3-4146-969c-6cfd434dabcf,N2,127
a97592cb-b93c-4eb4-b8de-58a38ce277c4,N2,128
e6cddaa8-ad3e-470f-8e62-c768791c1508,N2,129
a0049733-a165-4f8f-a4eb-1676a564c32d,N2,130
b7b65583-4b0c-4896-9375-d8c1a70007b1,N2,131
4049fa16-cf10-4f06-abfe-c226bbd7d50d,N2,132
ea867f79-59a2-4cee-93ef-70550157e3d1,N2,133
cf7bd892-9776-4418-979c-7c69923cfe19,N2,134
3515b6ca-dcde-4133-aed5-9764b7814016,N2,135
a17fefd7-32c1-4376-8181-d3c18566e03c,N2,136
f802597a-7569-47b6-ae4f-15fb666d6a65,N2,137
59a75e6a-a631-42ab-aefc-b9c02095b595,N2,138
92dee2bd-e0df-4490-95a4-52e46e11d6fc,N2,139
2070e0d1-262a-4597-9e0e-1b63eb5a1c7f,N2,140
e4db84a9-8356-475a-947e-607fdc9f7b1e,N2,141
e96759f1-2eec-4371-a716-045e02408e0e,N2,142
a5971608-1c2d-48be-be4a-bb4213d3941c,N2,143
46e3e194-07e1-4e5f-af95-7cf7c2f2e9ef,N2,144
0b4e6c9f-240f-45d4-a114-3a600b0d19f1,N2,145
946caf9e-c0c8-40ec-9657-3ea49902a917,N2,146
6b46daf7-c368-4d88-8dca-2582c0a33782,N2,147
09a637fc-9caf-4e91-8ec5-ca65349677b6,N2,148
7a9d689f-c8c7-4418-acc0-1e5537b43e0a,N2,149
facaeeeb-524b-4956-958a-1af95583e4bf,N2,150
f29093e6-9c4a-441b-a0a4-fce1f3fddb4e,N2,151
409f34ee-e105-436b-8048-51c6b92f53f5,N2,152
e081dad8-5b3d-4770-aa7d-30fad85f7d16,N2,153
315ed10f-2ac6-4d44-9401-9ed2a99d8bed,N2,154
c37971f8-8a49-453a-96aa-42ce0e68d8af,N2,155
a61815c7-edf8-4ab2-b368-00462e0f90b4,N2,156
a5268fe2-2d5e-4702-be34-acc8a098a237,N2,157
d6aedd6d-6315-41c2-bdbf-d33c8441b0a9,N2,158
2785cbda-e27d-44dc-bbf2-8e3e1eb1adb0,N2,159
596fb162-7ee3-4bc0-ac5c-40b87dad1088,N2,160
1a2791f6-20fc-4cb4-8203-5bb490634215,N2,161
844019d6-84a3-4b36-84e1-0768b637c32b,N2,162
80efd450-78cc-4e00-aa08-e371c4b79dd7,N2,163
f208e82b-649a-481c-8171-e5cb56f470b6,N2,164
c88f0798-56ad-4f7e-a3ce-d0a29a3c8ad8,N2,165
a4273152-af7f-48e4-a19e-6839279111c4,N2,166
8c0c6016-a44f-4adb-ad19-c736f06fe275,N2,167
037aad41-453b-4b6d-aec3-43b03120006a,N2,168
47ef5975-ea4e-48cf-9791-b9fba9745d5c,N2,169
93bd675f-6105-4a2a-a4ad-5d12e8a8ae94,N2,170
3486bd83-0b3d-4be4-a728-91239fa90dff,N2,171
7062502a-9bcd-482e-b3bd-0df050fc8792,N2,172
48cfb883-1abe-49a6-88a8-ba6c03ce2883,N2,173
f5e08bb1-ce51-427e-bb01-0b3828930d2b,N2,174
af41972c-9494-4acf-ab76-b59dc55a2255,N2,175
9d182e37-22e1-4bbf-8143-789d635817c1,N2,176
7eafa7c5-9f78-4020-a77b-a7073458ba94,N2,177
f3fe00b8-3fa5-4503-b042-7b60a0983e9c,N2,178
0d02bb52-6f8f-4224-8b66-b0630890491b,N2,179
37f2096c-665d-402d-80e8-6286ac8857eb,N2,180
f42e328c-1a2c-46d8-afd3-501cdfd82be5,N2,181
ae322efc-2134-436a-8628-7d87184f2a8d,N2,182
eb19982a-960e-4c14-ad92-278d7fae507a,N2,183
a44ca668-7811-4cd9-8808-6b4dab0863cd,N2,184
55e37bc8-9e13-4066-ba85-7c039017c8e6,N2,185
87610051-0d47-44e9-be11-a06645e7ed62,N2,186
737ff8f4-35f2-4487-a327-2b57d0752eaa,N2,187
831ed037-975d-4eca-adbc-2159d04f1604,N2,188
385c51e5-5d33-471f-ae34-21a0391bde9c,N2,189
76a0f97e-3916-4b69-a42e-3aec0b4d1800,N2,190
0bb16e6a-e8a5-42b0-8ef1-5288f7594fb3,N2,191
e7c959ea-016f-413a-8fcb-9af30f687cd2,N2,192
3187759d-80c9-48e5-8fd6-389d14c9941e,N2,193
68e842d2-dc83-4501-bf63-8d34655233a7,N2,194
b6b4e86b-3ee8-4efe-8fd8-47ace1ff0a1f,N2,195
fa972797-5445-4802-b5f7-c05040b53432,N2,196
15451e21-1bb0-46ed-935a-c38f3d684962,N2,197
0e54e9dd-735f-4cd2-aaec-f763294995e6,N2,198
c2501f29-df77-4118-91f5-cae9f3c50ade,N2,199
65421601-816d-4154-ba52-ef5ca5e7340b,N2,200
1dfd4277-b588-41e8-a02e-179d5cd0aa65,N2,201
e777a764-734f-4250-9e70-1d97d834fbde,N2,202
cf165fd6-efbd-433f-a889-6d7d486c562e,N2,203
c6f00854-e555-4e50-98cb-f9547d2d72e9,N2,204
588a58e0-2999-4216-b100-cdd464da1956,N2,205
d9d13a91-efc9-4d37-9b7a-8adc4206727d,N2,206
01e7f410-8adb-42c3-bd7a-12ab05ac5a00,N2,207
2d5f6cfb-5c1a-48aa-947c-01b36f57c7cc,N2,208
e2f4271d-37d3-43b4-8d48-947acddb840a,N2,209
7bfb8c8d-359f-4b94-9af4-949b51cf822a,N2,210
f095793d-217d-4248-a227-f88328c1381d,N2,211
60bed59f-5a30-48f5-afdf-6d7c466c1559,N2,212
26e693b3-7feb-4ca2-a096-721b90c8064c,N2,213
38718fbb-3e6e-448e-b445-0c24587bc599,N2,214
43c34f35-47f0-462c-9dfe-5bf8a6494bfd,N2,215
298b1b1d-ff6e-4dbe-8de5-0162463d744e,N2,216
96a05d2d-8fde-4d03-8646-f41686770e56,N2,217
beadde8c-c2a5-4d7a-a51d-de0488c57a2e,N2,218
09444160-ee7a-40ed-bf16-fa7d6a4dac86,N2,219
fe0f3e7c-c09f-49e7-a1dc-4d1802c7dcbc,N2,220
bdb65611-02c9-4e2f-9931-884c3d42e272,N2,221
074fe49b-b3a5-4666-9886-45c69ba7f61a,N2,222
24658791-d989-49af-ba15-48b81bcab917,N2,223
d5540b5f-2a2d-4153-a9ae-39193ee45602,N2,224
5d5ae821-7b5b-417d-b669-82745dc73062,N2,225
7c7cfee6-105f-4d69-95c0-478c9745ccef,N2,226
9234bdd2-68e5-4d20-bf02-90a608a6a28c,N2,227
929b422b-e8ea-445a-86a9-8392f2f82a5b,N2,228
20959383-c956-4f4b-ad2a-859630512004,N2,229
1198d5e0-4c44-44ad-9faf-40da112753f8,N2,230
43f5b34f-075b-4a8b-a006-890fdbe7c3f3,N2,231
2cf87259-4dbd-4b9c-9edb-9ec6d6b58c6d,N2,232
bf57b08f-536a-4bc7-a531-6e04293cc53d,N2,233
7186511d-153c-49c1-a6d0-b895f8fe20e8,N2,234
d96d3c18-e148-4497-a76a-348792a02cef,N2,235
fe52e1e8-f342-4fd9-80b6-6af4cf36bca1,N2,236
bd228c5d-23a5-47b2-9d16-cb66b9585990,N2,237
6c330a4a-6ddd-4b5d-8783-cfceefe1e390,N2,238
3523b431-1f62-4e1f-b5cb-8341555b5180,N2,239
89518e16-7b8c-48d4-9920-17a1a1077478,N2,240
b9a4c5f5-2d40-4318-83dd-7694a90ec641,N2,241
b37a39a8-6a37-4093-89bc-2b1fee789728,N2,242
5edbf843-f11c-42db-aef9-3ac74570ac4c,N2,243
286dfb29-98e3-459e-955e-6db6829e0d4e,N2,244
38a8e8b9-b70c-4459-9127-03eb7296a7bc,N2,245
17a8f9bb-8518-4068-bcc0-3ef2fbe6758c,N2,246
90e7f950-67ce-497a-bffa-13c08576c84b,N2,247
1a83963c-7759-4a09-ab2d-33701cabad9a,N2,248
da17f139-e580-4e14-b2b4-a14dd97e3cac,N2,249
ae50c8a5-4d1c-44b1-b537-721f99f82ffa,N2,250
80a69df8-2840-4c8a-8673-19cf18f95159,N2,251
d8d7e371-47ac-4c51-a63e-20ceecd035a4,N2,252
399a8dca-fd08-4fe8-8942-fe280e19bf3f,N2,253
56e2ffd7-bd4a-4f04-8cf4-fa5d27957119,N2,254
398e8eec-280d-4504-aec6-3ff1a2768e6e,N2,255
b8f7f3cc-51f5-4d7e-a1c2-3d227b9eb338,N2,256
32a8628d-cf85-4956-8aac-41fec3c86506,N2,257
53845183-dcb5-404a-ab58-4a5400e8cfde,N2,258
a60002a8-5ced-417c-8f60-77040d222883,N2,259
baf276a7-1861-4f85-a0f1-4f34d6f4170e,N2,260
8dde59de-3daa-428e-a072-2595e6530505,N2,261
70860168-86e2-4d58-b534-fb4cc85919de,N2,262
21d30782-0eba-4395-b986-9c0ec22e40e7,N2,263
4044f230-5948-40b6-8cd9-35fcd8725608,N2,264
e1efd8c7-afdf-45da-8461-490908c6a18d,N2,265
3f3f3ec3-1954-497f-b905-7d954224e02c,N2,266
99cb4b8a-b8fd-4986-853f-d3e065ddb095,N2,267
150a651e-e7c4-4f15-b97e-8379a7621f02,N2,268
d235d7ff-f826-484a-aa70-0046a602daeb,N2,269
45e0d1ca-2842-46fa-be4c-d34a60642931,N2,270
a79aff66-961d-458b-8a7d-0ed13464e2a6,N2,271
56d4e50a-ff91-43c8-91a6-7c8264372bc0,N2,272
9a6e0895-99ff-446a-b9f9-f5337611f304,N2,273
b61ed1a3-66ab-4c69-bbed-24c9c6d0363d,N2,274
a625cdf8-d7bb-4cd7-aedc-a5f42dd82320,N2,275
0b746316-40ea-4824-ae5c-a567ef363084,N2,276
e8bbb907-1d79-45e3-8dfe-ce00bd3c4df6,N2,277
9d1a8f8b-001b-4429-b691-2c7dde02dcb0,N2,278
c2d80405-d7aa-4b62-8fad-431c126fba8f,N2,279
cfe1bc3d-d89f-433e-bd54-67f2539bdcb9,N2,280
5fd89502-f3a7-47a3-a668-990b258c63b5,N2,281
e8f96db9-d6c9-415c-8887-ac480aa5b474,N2,282
7a33dc50-657a-4b2f-b774-1d29d42fcf78,N2,283
943f014d-97a2-4604-8cb9-d75614f721d3,N2,284
f94a20c9-e78e-4f56-b6b8-ab776f38e64d,N2,285
ad990e55-0e81-48d2-9a0b-ae0bbff97bd9,N2,286
69a8c0c2-d001-4d2a-bfc9-6c0d9e0711e8,N2,287
a77fa726-d076-413a-bff0-1cd8a1788308,N2,288
0aa34f84-dff3-4336-8fae-7b4da882e8c6,N2,289
af47fa48-76c0-4498-8eb1-de486c974b57,N2,290
1ab46855-a8f8-4df0-b73c-5f1d4d6fe7f7,N2,291
7a02add6-3522-4b83-9151-ee7b816a8455,N2,292
987df45a-4de8-43e7-b8fb-f1f6d1ed2971,N2,293
13980ca5-b93a-4f13-b0c5-cceb19bba84e,N2,294
52b843dd-40db-41db-b008-d9499f5dc2d5,N2,295
fa696520-6aff-4e2e-ab70-1dc787573a4a,N2,296
2c07f91d-df84-4674-b47a-984d3f911cd1,N2,297
5730b504-de90-4554-b45c-3aeb4979a9ea,N2,298
c41ccde3-8aa2-435d-8063-800693128f29,N2,299
62fa142d-1e7f-4170-accf-1c8e4e969f24,N3,1
a17e5641-65cc-48da-9d32-c4e138aa0a36,N3,2
ca293750-0ffd-47b7-bcea-52e3f422eea5,N3,3
921a2f3c-d7a0-4265-9487-9cfe5774a3b2,N3,4
ac138285-feab-4e6c-a1ac-fe5adff1b7c7,N3,5
18217feb-8472-419a-8afb-a9f72fec6d6e,N3,6
95d1b6dc-e576-43bf-9264-df1800650d6a,N3,7
77bd63b4-180c-4dad-8460-92e9e7364fe3,N3,8
7684988e-22e0-46c4-8e43-65e212c3851f,N3,9
fe3cba95-d583-4531-bd11-217ff535d7fa,N3,10
8b646f44-80e0-4033-b52a-ad6ada206ac6,N3,11
a5955569-35d3-4439-ab93-7557d5561276,N3,12
02be1b1b-2826-4418-ae6d-af0092e31307,N3,13
ab462330-7a67-44d0-bd70-b47ba62f32c3,N3,14
beddd6c3-205b-405f-9d9e-172c37a9719d,N3,15
dc4be458-ce7e-487f-b84b-6f8574455aeb,N3,16
9f203a7a-3fa7-4425-a454-58deca4a32ad,N3,17
aee7b1a5-6780-48af-909a-48e015536723,N3,18
72d63ba3-3e50-41ed-8898-237214785843,N3,19
d3ef39b5-13da-4b09-85f6-ca2b42d23ea9,N3,20
ff4d21b3-1ef8-4d6e-b3f8-31296dc45c6c,N3,21
8237de49-ed3f-45cd-a810-c576f9cd4e33,N3,22
006ec972-8d35-4006-aece-1b8c91b46037,N3,23
0884e634-3863-4bdb-8eed-6ace5491c5e6,N3,24
6b0d4fc9-d39d-47da-9478-fa769a8e130d,N3,25
dce1d104-94a4-43fd-9ebe-7173f9c86a86,N3,26
64f4fce0-53da-4c4c-8ac6-1e22b84046c5,N3,27
d8c617f2-c3d8-44bd-999e-1d2f058b8dcf,N3,28
72f169e6-196c-456f-ab14-f5435c2cc75e,N3,29
aebb18ac-36cb-4c75-82f4-c9331abb0fce,N3,30
273f31aa-bedb-470b-b10d-731534879316,N3,31
2e783919-42d3-47fc-912e-2328d98c1174,N3,32
0fe788ed-19e3-432e-9cb6-c5502148d1a5,N3,33
e707725e-3e6d-4241-a0db-e6801dd450de,N3,34
8881d381-bb1a-468a-8ea0-c7f374cc62dc,N3,35
52a0d04d-be0b-47d9-836d-3ce09e223503,N3,36
49378183-0946-4277-ae18-1d200559673e,N3,37
cec7c968-790e-448f-9596-a2f9e6750b7b,N3,38
a1b977fd-73ca-4023-adee-501ebc02d6e5,N3,39
441a338e-f088-4c6e-8bc7-ee0151ff497e,N3,40
a577a226-ec26-4a05-914b-bb44ea09e3e1,N3,41
86c0e632-6a7d-471f-99ca-d570aade2e4e,N3,42
4abfedb4-8d02-4008-8f90-62be19513e1b,N3,43
b36b8067-6018-4f0c-86a1-8d5c2ab4caf1,N3,44
9c6582ed-7313-41f9-a138-77e0b7689b9d,N3,45
a6ef5bb2-d08f-4801-b58e-f53126494a11,N3,46
f44c901a-4c0c-4a84-8a46-44b0166a8842,N3,47
6457bfec-5ed5-44cf-9091-89a2658d0615,N3,48
ada41080-8a6b-42d2-8203-6d6a9a0ef69c,N3,49
e6e376c0-87c4-4263-8829-9299314bb87b,N3,50
182673ba-255e-4885-95fe-3614cceb160c,N3,51
deef861e-24c0-4bb6-b22f-143fdc249f8d,N3,52
46e8da0c-8d8b-4bb3-be55-950602b91fbe,N3,53
a6c908d5-f214-44c4-a2e8-669d1dcaff62,N3,54
2e5677b3-a04b-4f57-b6cf-af0c873d7533,N3,55
4cc5236d-6d6d-4917-8796-6ebdfeb8f82a,N3,56
91338e2e-a601-42d1-8b1b-83449ff1b19f,N3,57
17f1dfc5-8397-432c-a4d5-717b052a874b,N3,58
58e0d60e-d9cd-4282-b23b-6fa6d8af2964,N3,59
fac809b6-2ee5-409d-804c-32aee0d887be,N3,60
350ce069-bd92-4438-b9a6-6520dc20e577,N3,61
966eba8d-3e2d-428e-aea3-812fbed22c9d,N3,62
f65f9d8a-870f-4dcd-bb2f-e065de205da1,N3,63
7a797b58-0a84-423b-b2ca-a09579245b03,N3,64
e6a79147-b57d-405a-b0c9-f9d2f3294ad8,N3,65
e69ceee4-ebe2-4b92-a515-972bb74c8ebf,N3,66
27f120ce-f9af-46f4-9c8f-8ba2bb83362d,N3,67
b9cfa058-5aa4-4e9c-a22a-e2f11a81ef57,N3,68
b1c14b9e-fb75-4e6a-b5e3-472326b7b7f9,N3,69
0dcbf638-a638-403d-99a3-41ca3f0a6a38,N3,70
655d1c60-bca3-4eca-8053-30ce32dbac24,N3,71
e75dd484-487b-4c3f-a1f1-205ca84b536d,N3,72
14574cd1-a529-47e6-82ff-361463205cda,N3,73
4688e4c2-7bfc-4213-a5bb-8e0aa4386c21,N3,74
89c29c50-2ae5-415e-9cb7-f728daabc867,N3,75
20cd67cf-8947-443d-b383-20b1db669649,N3,76
c236566e-f57d-4488-86bc-71252683faf5,N3,77
6e69df2f-b260-457c-accc-6836cea81487,N3,78
6f176617-00ed-40a1-a9cd-86abbe9c4f2f,N3,79
ef608830-2d03-4a22-aa31-dd9fb7d95ad1,N3,80
b4796b17-e691-42d4-abef-98e7c0b5113b,N3,81
d03305bc-e306-4b46-bcfb-be9e488c7834,N3,82
7a8fc45d-75b2-4af9-95fe-8b2887881423,N3,83
9df135c0-0882-45d1-be1b-86a85076c7b4,N3,84
517ef8d9-b255-458a-8c7c-4d5ffa50b23b,N3,85
b366d6dc-3df8-40ed-b6ab-627b6a10231c,N3,86
dfd704c5-bace-4728-b10a-fbdfe8949aca,N3,87
bc319690-b549-4bcc-889a-143071d7e22b,N3,88
4d3f36a0-e034-40b4-a3c9-27c40fd5bfaa,N3,89
5ef68cb0-7ee2-4d53-bb3f-048ffd6ac352,N3,90
289fa6d7-ae53-42c3-a9cf-2d8b1724a605,N3,91
b25c378a-68b6-486c-84a3-b70c9a4c8b91,N3,92
fe4e4a7d-151f-4994-95e3-7c5f0eec2b38,N3,93
2921b706-dbc8-42f5-b26f-1f341ed7f703,N3,94
ef544473-8992-47ae-8c8a-c01cc17a5488,N3,95
00051c89-d905-4643-9519-a28a9162ea03,N3,96
adc76b34-11f5-45b9-a6a0-5820d6d6d764,N3,97
45260342-1e18-412c-a5f1-62225867c732,N3,98
ad826807-4590-4c23-bb6d-a70d60d621d9,N3,99
2dde2fbe-cc5c-4880-bb62-2b2d94f09d66,N3,100
9f0addb8-fcee-42de-b392-4ea49e95dd9d,N3,101
d872a67e-68d4-41bd-8e53-32743df186e7,N3,102
bfc015f6-712b-4139-8d22-94aab0391add,N3,103
5ebfa41a-ca1a-4e60-9ad4-895773f00970,N3,104
b89226ce-f5c2-43b5-9dff-e2a07f8a7d3f,N3,105
fbe9bea9-c817-44c8-ba32-b8b863e48b07,N3,106
21e45d98-5160-4c1e-a173-31c270a4c41e,N3,107
01a09faa-5b25-4675-bd95-c6686977f4ec,N3,108
9e96c38d-bacf-4335-bf64-5b7d08cc9262,N3,109
09a7aa3b-3c95-4fe6-b2a7-66d7fb16edd2,N3,110
079323a8-d548-4edf-a925-b70e9dc4338d,N3,111
a0a2ce4e-181b-40f2-a799-ef4f68e637c1,N3,112
eec98f33-48fa-4695-9547-fcbbdde40e52,N3,113
6da4f2a8-6497-42cc-a06d-391950e85c34,N3,114
c031e08e-d284-436d-bba9-7d8f53eeff54,N3,115
bd9dbae1-1fbe-45f9-8db5-7f2b56ad0f51,N3,116
c4acb7e3-ad02-4cdc-92b3-9ef81b3fc21b,N3,117
3a1ba276-2ca1-4bf2-bc4b-fe10f9a5df86,N3,118
ae92c811-332c-40be-b059-93c0867f68e3,N3,119
1064b3ca-5c60-4de2-b61a-78b7e0a2f294,N3,120
60c0b5f1-5b1b-4ec0-8103-f97780f711a4,N3,121
7bb07a15-9e02-488a-b006-d4806258f130,N3,122
a684eb86-d60a-46c2-ae5d-526f72e8309c,N3,123
a1116454-6e16-4bbd-9a9d-df9f6ce78665,N3,124
75de6e54-063b-4630-aca8-48eb4183edbc,N3,125
755d72c5-6dfd-4081-9520-de2a64ef8359,N3,126
ca6baeea-70ea-4113-92fa-55db9891705a,N3,127
66913bd6-fa6f-4108-b191-d2b32e59d2ae,N3,128
a14f58ed-2d6d-4363-ac7e-6ced797384df,N3,129
b37c6704-f4cc-4322-88de-2fe9155c1b8b,N3,130
73005397-c70f-4ce1-97c9-ec6fe5464ab4,N3,131
d4a42934-fdb8-4104-9a2e-6c4ceb5cec6b,N3,132
9e094ca8-727d-412d-98de-eda9cd1f401b,N3,133
870ad76e-3b33-4667-8de9-14d88b9ad2e2,N3,134
74d534c3-3a61-4867-8385-34a7df02c0b2,N3,135
14bbb878-b53c-4e2b-b2ca-59dfbf4fb696,N3,136
d63eb61d-4e9d-404f-9110-4ff62ce9ac6b,N3,137
8df210b7-0c1d-4e49-9052-d87d27a542ed,N3,138
8cb56965-21ff-44f0-a258-980d14402e0e,N3,139
830f9cf4-483c-4e1a-9bfd-76c3e2683ded,N3,140
14d1a1ba-2349-4621-b625-06b5a2371c8d,N3,141
a78ad2d5-dd3c-4798-a9a3-e9823dd6022b,N3,142
1a26b20d-0258-4139-a27d-034cfdbd37c6,N3,143
a392df97-9c69-4e21-86c8-cd6b906125d8,N3,144
71d710c9-737f-47ba-84a7-e6874053b9f9,N3,145
34102a30-5909-45ba-a58e-2070c453ec87,N3,146
508bf296-448e-4a7e-8c5a-477e2eabaef4,N3,147
c6752486-d904-4e64-93a1-88efc169cba5,N3,148
964c2fe1-5b12-4358-b10d-b4823341d961,N3,149
af4af1bf-9ac8-425b-b6dd-08f44b68ed48,N3,150
7430b824-0339-4bfd-87e0-a610b12cef12,N3,151
9a4aa11c-c4df-48d1-9fbd-b06848a0432a,N3,152
340b658e-c111-4e35-8087-b82d05b5d7b6,N3,153
e33d4cea-f2c6-4109-888a-7eed6e07fb66,N3,154
9860944f-945a-4255-9fe8-1ad41416521e,N3,155
acaf5169-5fa5-40d5-b616-f50171309c09,N3,156
dd21910d-7953-49df-b9cb-647042c41275,N3,157
363f2a1c-f97f-4bb0-af39-d7e662a63b82,N3,158
7029e48b-d73a-43fe-9fb8-07b3165dafc0,N3,159
2b11b7e9-cbf6-438c-93b3-d0508cf059db,N3,160
266c9c9e-8c71-4451-b60b-7841f748e062,N3,161
b953818b-7fb7-4520-bbfa-75baacdd8df6,N3,162
89eb6ff9-2114-4940-8dbc-36d693eed19e,N3,163
10470c27-c1f5-4074-943b-9979b49f83e4,N3,164
1a64cb45-687e-40d2-8476-d6711ed5ed91,N3,165
907261cf-ed38-4594-b812-833538d007d3,N3,166
69baf043-b34a-4c95-bc09-277ff8a50dfa,N3,167
250687b4-b995-4aef-a81c-6de3b86d6d8e,N3,168
71ed7597-ac0d-4160-ab74-84ca88e94e13,N3,169
b80629f9-f94f-41db-b565-6ccf9d1b9cd2,N3,170
38f183ca-3940-449b-8f96-f1bf9e07a3ad,N3,171
6475f725-86c8-4fe1-94e1-ccb44b01debc,N3,172
f47a1ceb-2b6b-4a97-ae2f-f3d757ad2213,N3,173
89c24237-92ad-4f60-889f-e3be2bdd43ef,N3,174
bbacd350-d47e-4af6-907e-044a74cc7b63,N3,175
e84f62fb-e1b0-4a62-a32d-5493e39479b3,N3,176
e316e7ec-4803-40b8-901b-4debe559345d,N3,177
6f83c0c4-dd4c-45ec-8c10-b0abb58eeaf5,N3,178
c44b98e6-33e2-4d89-bd81-5dd9a29d1488,N3,179
90bb52fb-3565-4095-83ae-fba4223e6163,N3,180
7821ec6b-955b-42aa-9b57-cc3d5227a399,N3,181
5c1a9d47-1c0b-4073-b778-cebce66d7eed,N3,182
01faeffc-015e-4bff-9350-15fc6d737e62,N3,183
b19b9c5b-a6ba-495c-ad92-7a4fd6cddf9a,N3,184
91addca9-dc95-487f-b30d-bb8921bcdf13,N3,185
60a6ede0-a364-46ad-8cfa-79cb0dd21044,N3,186
ee5b68ae-8dff-46f1-9cbd-d0d52701d440,N3,187
47e82316-c439-4036-9d65-9f2e4db6c099,N3,188
201a21fd-aa90-4551-8f30-193c3fbedf9c,N3,189
a427d559-6033-4180-8282-c9b6b7384dd2,N3,190
f11eb4b3-a15e-4004-9cca-c31f9abf4924,N3,191
de0d4508-a353-408b-a26a-6f0baf3807b9,N3,192
ad839224-e7ab-4aaa-a5f7-2c6c3c8ff3aa,N3,193
0b91bad5-8c06-4a9a-bf51-91ba868c46c2,N3,194
433d88b8-bbd3-434b-8e6c-a727934b9997,N3,195
60ea0275-14b7-426f-8ddb-a36df2a32da8,N3,196
f892b660-a44f-4be1-a16c-1b1fbd2797c5,N3,197
931b0f7d-d9bc-40b4-8aca-13a35f742b4e,N3,198
4b6e1cd8-8b67-4e91-bc60-311dacc6dd0c,N3,199
3ee4781f-2aea-42d5-b8ff-603f5beaca38,N3,200
2d624acf-28ed-4aae-a0d4-1f326858075b,N4,1
d371f017-bf97-4254-ae1b-472bd399f917,N4,2
111aea38-69a8-48ee-8075-6f94c1aee6b7,N4,3
ea2c3fa5-8443-49f3-89a4-3a6e04a9051b,N4,4
3c1fb358-06ef-48ca-ba55-0c30fea4092b,N4,5
200bf46d-2a0d-4564-b47d-43edd45a1d62,N4,6
9c135241-5f30-48bf-aef6-0563e3dba88c,N4,7
ac4c262b-3d65-4df3-a0cf-fbc6e21f90b1,N4,8
2c46ba9f-2b97-4875-accd-75d2fe2d6bef,N4,9
f8222e5c-899f-4c46-a30e-4aa2de70fdf8,N4,10
97de3685-0734-4611-a14b-d70d8eb86ed5,N4,11
2a255cd8-500a-475a-b954-f8622e39f96f,N4,12
1431304c-39ed-4d53-ae52-03714f12fa8f,N4,13
63ff2c47-1635-4b74-aa0a-6bf22124f38f,N4,14
9ce8aec3-b40e-4c40-a21b-2be165fd82a9,N4,15
511c2a98-7994-4bab-9922-da27b1cbc633,N4,16
75eb5075-4835-4aa7-969b-64be9d90eee8,N4,17
7f1f6438-5496-4c78-a2bf-c8cfa57990cb,N4,18
c53727e2-bcbf-4300-81b1-2b3506f71cd7,N4,19
1b5f887e-dd4a-452d-b64e-8224c48992b6,N4,20
42d3f70c-f7cc-406a-96ae-74cbb73bf859,N4,21
f1bcf52c-6186-4dcd-9d3d-fb9837b9fadd,N4,22
c342972b-83c2-4df1-abd2-68735a2eea2b,N4,23
713292c1-c436-43fc-878d-dd6361e06456,N4,24
38e14d68-4e31-490e-9407-2be525c36368,N4,25
e250a5ea-4d45-4591-ae15-7fba5527b8a6,N4,26
750b8fc3-85c2-4223-8f50-d5042d19209a,N4,27
4461d65a-f943-457d-be0c-ae85bb89e1c4,N4,28
017edf6d-51c7-4288-8a9e-267dfb101094,N4,29
4b86e12a-7972-4846-b815-843e1d26f350,N4,30
0b2ba78f-b8db-4577-994e-ad17162498ca,N4,31
2eb5b5b3-6cd1-4745-9cb5-bd97575e3092,N4,32
e1fb234d-5756-4e81-8cee-a580520318e1,N4,33
07e64b76-c240-4b08-8edb-8883704a97ba,N4,34
d49d2336-095e-45ad-a082-26b058d09ed5,N4,35
3f8233f3-f99c-42cc-b989-cff684b03b85,N4,36
0e177485-cba7-4e2f-84cb-f62adf0b861a,N4,37
aff652ae-1bcb-4875-a7e6-d866d936cfc0,N4,38
9df23ebf-b097-4bac-8f48-826f394afabe,N4,39
9253d7c9-58d6-4fe1-9d84-ba13e1303777,N4,40
1d0119d6-c80d-4296-b735-c9f45603e86f,N4,41
42e4b3a1-ce1e-4f93-8c42-de2d28bce2e5,N4,42
9a264b14-3dd0-4d8f-84f6-0516ba4828f8,N4,43
1a247acd-0483-4c76-ac3c-b5047bc83b3f,N4,44
50fbbdff-8593-4569-b3d3-41912119cf2a,N4,45
0c2e7d22-208a-4198-b2ba-c077e11c902a,N4,46
84ec925b-1f14-49d5-b7a8-a3b8e6c73752,N4,47
dbe48d6e-5af3-4123-b764-e2aceee54de4,N4,48
e095f12f-69b1-4cd5-af29-02e5a96a096a,N4,49
a2b02280-48d2-4d3f-a880-3d9b46532c28,N4,50
5645f339-d049-4af9-943f-3082618a7d0b,N4,51
06a7bb9b-73bb-41fc-bd5a-1bd8c7ec0aac,N4,52
82cb804a-c22e-4dc4-99ae-b75dad9fb6b2,N4,53
97782e46-146f-4312-92dd-b1804269cb2d,N4,54
16dc9bb1-20de-4daa-8196-def5774e650c,N4,55
a30e9bf0-6763-4f68-8729-a02d79b5dc08,N4,56
56a4daf0-d666-4a72-8de3-e3e32dfb1891,N4,57
c18c7d94-933d-4599-82e6-7f1f3e0e8488,N4,58
36327ab3-604c-41c7-9f30-e2cd37dbc898,N4,59
2825d994-c3bc-4014-979f-3435edf89297,N4,60
8745643a-6c78-4ba4-9569-9281a3c86951,N4,61
fb30145f-703b-42e2-8155-21fb9e63bf25,N4,62
b40d5346-9e94-4d68-abb7-1cd3605981aa,N4,63
7f977658-1d69-4cf7-923d-a63c2c78c1e7,N4,64
51744c88-6b98-404a-858f-49a121c3dd1c,N4,65
823bb283-5ac2-4668-9fd0-3559309394cf,N4,66
7cd78ab5-00d0-41c9-8684-cb9fd03f3059,N4,67
169d5919-e75f-48e8-af41-38026aded659,N4,68
71a22281-3efd-4c6f-a6c8-e6c04ff768d1,N4,69
928da0fc-f90d-499e-bdb1-0faf6ca22f90,N4,70
cf40d4f3-5dd2-43f0-a783-1ba181cc979f,N4,71
a8f2cf2e-723b-45f8-98bc-0cac51f53da4,N4,72
b0baa46a-a350-44fa-a7b9-4634282c3680,N4,73
52dd3216-6347-4204-91f7-6c964fc4743c,N4,74
908305d2-22fb-49e6-ab86-ef0f8266f258,N4,75
3ba657df-b1b1-4642-bb8d-92fceeba151b,N4,76
4e64ad4d-bf5b-49f9-a691-a53e37e13268,N4,77
73e94a47-65ad-4cc1-9059-d646d4f84f02,N4,78
e068eb75-088b-4228-8150-7e17ba692bee,N4,79
b6f32864-90ec-4fdc-9e2b-ffb2366b822d,N4,80
50e99e7a-d820-463d-ae68-ac497970f1e4,N4,81
427ba5bb-da1b-4d01-8529-b8492e310ee8,N4,82
61a1e9d0-7706-4599-a64c-490143c70a29,N4,83
c8c34783-4b44-4e03-b794-5c081534b82e,N4,84
75a6453d-5107-48da-9fa2-02bfee1315b3,N4,85
f77909eb-06f1-4a18-867c-df1c0ba4ab5a,N4,86
43666473-f8ae-4acf-8f42-d552d40b604d,N4,87
3aa037c4-356f-4507-8aff-adc790a932a9,N4,88
f2a86927-5f2c-42eb-81d7-0f3105c161c0,N4,89
810215db-3011-4ed9-b231-591dc6603a82,N4,90
82f3cca4-b184-4a9e-b7eb-8e55925a91cc,N4,91
082e1491-e941-4606-99a8-602f3dfebd06,N4,92
ac352750-0fce-462b-b2a5-46d4bde791dc,N4,93
21630007-f8c7-4cae-bc55-9deaabf7aee3,N4,94
e17bb4cb-4cc0-4544-87e5-efa8da3034b3,N4,95
870f0654-8037-4e71-8eb6-7f9a54cb52d4,N4,96
768c3207-1b89-40d9-8bfd-ecdfbc40e5f6,N4,97
e1910bf4-60ec-459c-8acc-2fc7e65aa8f3,N4,98
55834421-8170-44bd-8c45-cff2f25e0f8c,N4,99
83f79cd5-bd22-4e8c-90cd-a96b321b74e1,N4,100
2debcaaa-5ad1-4d4d-abe3-58d0f014bdcf,N4,101
6915e3bf-c88a-49e4-b8fd-d572a5705b55,N4,102
2b2ea432-4046-4fcc-a518-cb572b888f4c,N4,103
8c35d263-72e3-4469-93dd-ce3e28eb2e9b,N4,104
172615a8-377b-4a94-98ee-ead2387bfae7,N4,105
e31ac630-d0a4-424a-9d89-d19a06ed9b7a,N4,106
184d1887-8f88-4608-ba16-33fb629698bd,N4,107
d3cb4499-b9f6-4b47-9888-c8c1d1b3b45f,N4,108
d6104011-207c-46fc-ab2d-d8bcea1aa8c9,N4,109
53519448-8819-43df-8563-0da72a4949cf,N4,110
31a729d2-fc88-4527-a4a0-554711f82eeb,N4,111
28bc7021-7b79-410d-a19d-dc327ae85e12,N4,112
285f3815-49e8-4786-bdcd-f78e008a6211,N4,113
f23d6fd0-3ba0-418b-bd2a-cee971f56b9c,N4,114
a55cbb98-6b98-4371-b071-add424231a7a,N4,115
4a432b5a-18d0-4d0c-9e1b-144e4030f9e3,N4,116
8c34dcf9-be40-4d22-bf5c-b26611d488b4,N4,117
f2596024-8385-47ff-82c1-0ddc8dad7d6c,N4,118
ec9d734a-bfb0-4dec-92f4-776f99e54bea,N4,119
0cfa4905-b334-442b-8a87-c2d5158d6df5,N4,120
b9673d30-4402-46c1-8948-7864904ff9c2,N4,121
9e17e805-c822-498b-8f33-89bfa90e84d1,N4,122
bfac64b3-129f-49be-b7b2-0ac2fb336c98,N4,123
4de79f98-e280-413c-8fb2-50f9f4956446,N4,124
d6667cf2-d223-4c0b-ad61-611ed0d1edeb,N4,125
a065433c-3f4f-4baf-85e4-d81800cd0470,N4,126
cfd9fffb-26a0-4516-8bc2-b6725adbbca2,N4,127
52215220-66a4-465e-bdfb-f89aeef4bd8a,N4,128
90ff400f-2ec8-4963-af5b-d56b355fb3df,N4,129
bcc2a7d1-a533-4c12-abc4-58049d0e86ab,N4,130
84f7b8f8-b762-49e0-b452-bc451c8d098b,N4,131
55dbed1c-987e-4327-91fb-f647977dcb79,N4,132
f31bda4f-40cc-48cd-aff4-59a1aab451bf,N4,133
46698cd1-d284-48cc-bb20-8042fab1a4e3,N4,134
4439063c-d591-4e3d-a26f-7a01f66f459e,N4,135
e2335eef-c553-4d6d-88d9-b5a2442fcde9,N4,136
8d174286-fde6-4a2d-be29-e5002cd51f96,N4,137
3cafe902-4dc8-4883-87df-9bdfd320b237,N4,138
35792838-0e18-4e79-8c1f-69867ee008d5,N4,139
b44c7eba-d7ad-4fc7-95a9-b3f66d01290a,N4,140
2e35b34b-46f2-471e-a634-7d54bb9897be,N4,141
fe559d9b-97cc-44b0-8b0b-00323ac69628,N4,142
0971c799-7dc7-4279-ac12-8514d8d5e5f3,N4,143
723bfc51-9c1b-432f-8efd-1d5b562c8d61,N4,144
719f21ad-4e60-4a9b-9a49-938d09fd414f,N4,145
a5537398-4fd3-4718-8683-7a88c62364da,N4,146
666cee50-51f1-4308-ba0a-b56790187775,N4,147
3824b969-7b05-4f21-906f-a7e29e581c26,N4,148
8afb1e0f-f79c-4c52-8695-85a3562bf460,N4,149
d1d8642e-3055-405d-a4a9-632dc7c2291b,N4,150
cf1d73e3-a2ee-4541-9047-660a9f22a668,N4,151
661863e2-f0f9-47be-8656-1ea5f66da476,N4,152
8757c8c0-c1ae-4f23-8c4e-040cb1a3af1b,N4,153
d29c8872-9213-4075-ab8e-d542041ddb0c,N4,154
c39b48af-c2c9-4199-b2c3-efdde9a15922,N4,155
7df1e7e3-5054-45a5-acfb-81084b7504bd,N4,156
720c3ce7-1634-4c84-9462-155abc5c7d09,N4,157
8b0b13b1-b9ff-4034-9c55-75bd1a7aa5e0,N4,158
dffcd8cf-9b7d-47a6-95a5-ceb88f84db7a,N4,159
dbc6bbbc-f3f0-40a5-b6ad-65ba144a67a7,N4,160
51571c15-c222-46a2-bfc0-a623998b478d,N4,161
bf07cc0e-100b-4c0a-a38a-49ab3460b980,N4,162
20e9d560-5964-46de-bb55-4a855e06b9d9,N4,163
b2cfce22-7b3f-42ab-a34a-2d14340081ac,N4,164
40e40915-160c-45ab-ac9c-4e399f19c026,N4,165
9624cbfc-ecb2-45d6-afa6-6595aedb225c,N4,166
f12a84ba-5c1e-452b-9aea-d861c2f4cd9f,N4,167
acedb384-017f-43ee-a98a-5c358a328b54,N4,168
6aabbf5b-9f65-4b83-871a-dd574cf8ed44,N4,169
4352195b-5b73-4e0e-a650-e4cd9f317742,N4,170
8e49235f-9df3-4546-aa0e-da5fc8c904b5,N4,171
14af81a9-4693-4c51-a90c-91579b5f7c36,N4,172
14cbe3f3-b720-4922-b2df-c6fb6d483434,N4,173
e65c0f99-10d3-4ffa-9b37-05ad2f6dfd57,N4,174
00f73f1f-66ac-4d6c-9036-435fa541e4a9,N4,175
11c2f443-a69c-4560-be94-dde682f24c97,N4,176
4c3fd998-ba59-4184-8335-e01ae3f7a092,N4,177
42f53307-fd90-4d10-94fe-6a8e52322516,N4,178
11518d9b-f3d4-4cf2-961e-7408134177e7,N4,179
e0ab2c63-025f-4c5e-acdb-33ce91886a68,N4,180
f8b0f58f-2c2f-4f1b-909a-2e7d46d788e6,N4,181
3ed9591d-8bde-4f58-a5d0-81db100179e1,N4,182
29debd3d-b072-43c6-ace1-0682338a878d,N4,183
4d7b72d8-5dd6-4bfd-979b-9fe7be987e00,N4,184
4ce1e348-0533-4a5c-ba59-8d2cc887e661,N4,185
aa965ecf-59a8-4245-b58f-045cc87681b9,N4,186
c9b9ef9c-b9ba-428f-a317-7e178f462aa6,N4,187
884de770-c9ee-48fe-a776-d6b768463a07,N4,188
f3648806-0032-4b4d-b93f-05e4fa050c43,N4,189
a33d7817-bc47-462e-980b-92904db19a13,N4,190
e1a3b974-3c53-4744-9953-83b45c4c57b6,N4,191
43c0205f-81be-4387-8ad3-4215e6ce16fe,N4,192
e02039be-c2f3-4f5b-a9ef-3f638ccefaa8,N4,193
bbbc76c5-39cb-4e36-b390-81c7e6d31fde,N4,194
10c71d55-045e-4b4a-aa38-586e0a6c952c,N4,195
6191faf3-c648-48f3-8568-822c4836912e,N4,196
f5f884a8-a984-4b78-8ec6-bf482f2812c3,N4,197
2e8e1a33-9b5b-4692-bbf7-638905a35b3d,N4,198
32329107-b9ce-470f-9713-41ef2a436ab5,N4,199
c7d7463e-e026-46b8-baab-553a930592bb,N4,200
22ae0a06-a55a-4ee6-a0ea-3ff3b3085a2f,N4,201
7a11d2b8-a88c-4cf2-9257-b3f2c5b1f0e8,N4,202
bdfa570f-af53-4f70-bfe4-d9fa5f550b62,N4,203
df83c300-b74b-4a38-a4a0-b68f2bffb5c6,N4,204
76f36c9b-7dd6-434a-b4e0-8a2c6bec532f,N4,205
f938d11f-57ea-47d1-b5ec-37de5ebfd4a2,N4,206
f246791f-96f4-45fd-a8ef-820eabbb185d,N4,207
7d60b10f-6188-4a63-90e9-754f3d3c6054,N4,208
7688b6dc-60dd-419f-bdea-b3e3c07ab386,N4,209
a796ceff-13ed-484e-9c70-6dc26b5d416e,N4,210
77668e41-2d9f-492e-9222-69286060be08,N4,211
4ae8c369-8d33-4c9a-b20c-6b77858216b9,N4,212
7de4e87b-c130-431e-b833-2ce122fe4fc2,N4,213
3fdacf8c-eeaa-4654-9413-cdcd38cb85d4,N4,214
e618e0f7-3c29-4147-8163-a99c3dda260e,N4,215
c931882d-1204-4797-84e2-e9b3c94fbef0,N4,216
202b46a4-8cd8-4bea-b7eb-52c25f78a9e5,N4,217
f619f232-89e1-4717-9bdb-670f6be6dcf1,N4,218
1415a7d4-a64d-46e0-b63b-8fb2498ce1cd,N4,219
9e4a7970-3620-4497-bb5b-a857c0254d18,N4,220
acf31491-51c7-46aa-b320-2c5ec09c1f90,N4,221
86117382-86f2-41d0-be78-479020b3c10e,N4,222
1929c18b-e9fc-4c6f-bdf1-c786f831da56,N4,223
fbc3e2e3-7d53-42bb-aa93-d26a3dbbbd1c,N4,224
82a5fc4d-8652-439f-97ed-0ba5c4fe98ab,N4,225
ee7decdd-bd3f-4aec-9a60-9544d2313dfe,N4,226
e3eb875a-f2ff-4a3a-9c6f-6d63d2efc6b0,N4,227
f933ceb7-45b2-4e4a-b128-46715cf850de,N4,228
d1c79acf-59ef-40ad-b6f1-eee3f72c6177,N4,229
b005805e-55a5-4506-85b0-1c94d89b4d8d,N4,230
260433d6-9d88-4d80-a27e-224451baa225,N4,231
d982f131-7cae-430d-b929-e8d5fed7a5a7,N4,232
c587cab2-311b-419a-a5e0-06400a44fb2b,N4,233
c6559f56-db28-463c-a3e9-2e33a9671a96,N4,234
ab5a3cd4-e6c7-4cbb-af7a-5b8b40341550,N4,235
b524504b-c6bc-4718-815a-0e86cd60a7b4,N4,236
1f15860c-019c-4f8b-9349-8bf45e8d48c9,N4,237
2f1c6c55-1be5-49bb-a3d4-7fd3c62432ac,N4,238
1628e7f3-f12c-4f0f-ae68-c7bcd1a4d360,N4,239
8e0de443-8cc3-4bad-93ec-43d239c0a656,N4,240
78734543-f934-4f11-8c83-cd74df9af178,N4,241
93ed8830-62fc-4682-8998-f78022bfadcd,N4,242
3c8972ef-dc1a-45cc-bb13-a844705f4463,N4,243
688ba4ae-f577-437f-b78f-927fc70e761d,N4,244
8d8a8f78-1df8-474d-b98a-aa314bc48df0,N4,245
1cffc555-0763-46fb-ab54-208c05878e2f,N4,246
91563d89-ffb9-4bbc-a9d7-70bcc82d20f2,N4,247
fab567bf-9447-4ff0-ac13-8a8b48cf69ae,N4,248
9a72f89f-193d-4d26-a188-225f64f12fd4,N4,249
95bc1d97-bdfa-4fb9-892b-4f87e172b9b8,N4,250
e9f3308b-ba63-4073-aee2-d1f7caeed710,N4,251
df5529b8-d6ab-4e83-9a14-445b0e8ad1b7,N4,252
a7c92d4c-cdf9-4b98-9ae6-41a2787eefde,N4,253
7c947e28-1c5f-4d31-8ed8-740df1a353ad,N4,254
7e8b614f-3eb0-4fb2-9589-e57abbefa02c,N4,255
d57946ad-6589-4210-aec9-76682f90422c,N4,256
5a709593-6b66-44be-a2d9-440d73389cd8,N4,257
4d6254a0-01cd-4490-abd3-2503ba390f89,N4,258
84d47fdd-8b9d-4e46-bec9-a8b6c17904c5,N4,259
8d9a65d3-47b1-40d2-8e95-98eed4c0cf77,N4,260
1d8fb0e9-054d-4701-baf8-347cc14ea6fe,N4,261
f9b8742d-23b6-448a-8312-fff7765c6d8d,N4,262
5300b21b-8067-4a48-afd0-f38b3d824cf5,N4,263
333d4319-4846-46fe-9c27-470a92205d0e,N4,264
6c7e5d54-471c-46ec-9ae9-7bba99aa45f7,N4,265
2c1e1a86-33b6-41a5-ada6-cb5fad7ebb3e,N4,266
895cadd3-66fb-467a-a1e8-cf045fa545ca,N4,267
bd938502-c73a-4447-bfdd-15bda2df725a,N4,268
38c3f7ad-ba52-4438-8421-4542ca4a3571,N4,269
8d071924-5d30-43f8-8af6-059d6a1d6563,N4,270
e71864f6-53c1-4bbd-a1c0-3e7f32dc78c1,N4,271
30a1b67a-0a8e-4c79-b7dc-4ea609d771e7,N4,272
31b8cd5e-82cf-45cf-846e-eea769cace41,N4,273
c076bbfa-ef27-4bb3-b33e-a80dbe8e202b,N4,274
7e95fe50-f89d-4748-865f-35c64a9071e8,N4,275
d1861b60-a1ab-46ac-b02b-dddaa5070ce1,N4,276
bcb6d937-4dfc-4f25-9efa-fa5e48d0f140,N4,277
ff53d019-94ac-45e3-bf1b-f7f6ba1eaa6f,N4,278
b35cd9b6-a595-4b9c-b964-2d153f23513a,N4,279
9160e838-617d-48e1-89c4-979b574b0bca,N4,280
55523e34-ce27-4f17-8f8c-1bcb85b8ca37,N4,281
ad31388b-18fe-4473-8cb6-158d123b3fc6,N4,282
89fa45f9-fe03-4f0a-b0d3-31671ee92b8c,N4,283
e6cecd27-4af2-4f69-8ce5-c1475747d311,N4,284
6726186b-ec00-428f-b069-9872987c20e2,N4,285
0eabd5ea-fcee-4e5d-a5f7-cc5f794433c8,N4,286
6b29ba29-d5a0-44fc-8f35-58e48df0c766,N4,287
7363bc5b-6d94-443f-91c0-8dc615effc24,N4,288
74eba1f4-f05c-4637-a608-f745bdead7d6,N4,289
649103e6-0b9b-4e6a-bc66-b4c821abeb82,N4,290
3483ffa9-b222-400a-ab1f-7de76df6f158,N4,291
b54a2927-57f9-4312-9b4a-2721960f1a8a,N4,292
555f9bdd-a1ac-4d08-a0d5-795d809e10bb,N4,293
0a896155-2d9a-46b5-b9a7-7ee22440a7e0,N4,294
e4fc5180-c556-4493-83ff-8275f40d7a18,N4,295
49ddfd33-23ff-40bf-834e-add508695572,N4,296
16071145-180a-429d-a80e-e5d9795b7cc7,N5,1
47d16c9a-36d3-4d62-940d-913b46b09ebb,N5,2
bd26bab4-d3bf-47ee-a32b-0592aeee8614,N5,3
9daf32cf-5050-486b-8dd2-a9faad0342aa,N5,4
52f0b7c9-ffb7-4340-9777-b67f7c475100,N5,5
e402c545-017b-4a29-af1f-7c836887628b,N5,6
23c93378-ae0d-40be-a7b6-99908e92f151,N5,7
022ffdb0-4c0f-475e-9c03-7d90017c2173,N5,8
55f50085-bfd1-4b17-a8d9-c5e2bb24e35a,N5,9
2064d738-b421-4cf9-ade5-85ebdae1ec0b,N5,10
b19ec66c-bbbc-4b4b-96ab-11703a06ded5,N5,11
b5ba03d9-fb58-4261-a68d-b3e7b03bef9f,N5,12
22047de6-4a46-4706-954e-d4f2a9552502,N5,13
11f03ebd-e314-48c4-a07f-ae4318d854b2,N5,14
2dea1b2d-9c35-435e-860b-ff3c9efbf8d6,N5,15
16fcbdaa-1ab2-4dcf-a059-aa7901d24155,N5,16
f6442248-e128-4b70-a93d-0f5d2b822dad,N5,17
c842e4de-80cc-40c4-a767-39ee6500c85c,N5,18
6490762e-c449-488e-afe8-3a522523331f,N5,19
2d1855f7-d329-4e75-aae0-78c871e7aa2b,N5,20
5b37c443-6678-4f09-916c-4346bc6f3027,N5,21
57b3d67a-dd15-4a0f-b523-9da121755f0e,N5,22
f9ff85a4-2545-40e9-a600-1726fd2332c9,N5,23
4de59cb7-0cc5-4cc5-b19c-d1c63108c54f,N5,24
db693a95-cb0d-463c-9b1c-ca158dec30e5,N5,25
83ab5909-6748-4f1e-833d-dcdb9757d6e6,N5,26
17b5c53c-f22c-47d8-a4da-0f89751302fe,N5,27
c0ef6456-6377-4e40-af94-53d6ec17bf0b,N5,28
ee3e3821-720b-4d53-8ccd-2a559cd62cb9,N5,29
2cf7a610-48c0-4e1d-a9f2-d6f757e9136e,N5,30
b59c6e46-8096-4862-9e0b-2f5137e41215,N5,31
82a9a2a5-32bd-4257-8392-b108b95e9284,N5,32
16c68429-31d8-4f2c-b53a-9cac9332e281,N5,33
34f18647-ee25-471c-a668-35c8b260008e,N5,34
13f826ed-5089-43b0-b97b-ce60620b7359,N5,35
1507f78b-4f41-4036-8340-19fb29bdb70b,N5,36
2f44684a-326b-46f8-acf0-670f611426f7,N5,37
e18094a3-1abf-470e-ae71-42ee35789fd2,N5,38
69848366-3493-476d-8641-8dc2b6508d06,N5,39
eaeac641-400d-4586-8dda-341837e8b6b7,N5,40
8be55166-d6d4-41b6-abfc-26824ed17a97,N5,41
eb25c8ed-acbe-46fb-b541-0c47bc1e5172,N5,42
8dc266fe-7299-4248-93b7-00bd9919fcda,N5,43
baf1eea4-3c69-473d-ad20-4957834aebba,N5,44
dcb79b9b-b7fa-4a01-bbd4-5c4d7e8d0418,N5,45
afa9affa-5705-471b-8623-12c588dfee50,N5,46
1cdc5e83-3216-4124-b534-b598ed197d47,N5,47
21d9e13a-cbdd-4985-8364-0f0c36dc7fb7,N5,48
6bdc410e-4372-427a-a6dc-a72fcebc7945,N5,49
1f3fb7d3-562e-4158-bd74-e9d51844c510,N5,50
17a512da-2357-4615-8d90-0369088d83a3,N5,51
5872b010-4102-4afe-8d44-c14d37a7251b,N5,52
87c30a2b-accf-48d2-9ab0-27cbb4c5aa8a,N5,53
cf6affb9-d85b-4721-a12f-a941202df44a,N5,54
d9bd4403-ab80-4dda-b279-8a099ab84754,N5,55
c1fc78e4-feab-4b6c-a417-e9a733acd834,N5,56
221ddea1-852f-4149-ba1a-b3b42b799754,N5,57
85860dec-ce31-41cb-a65c-68b824183313,N5,58
aef111c9-6091-4848-8e73-9c5e895f0059,N5,59
ee56e120-33c9-486f-a874-8508a40d84ec,N5,60
38d3a1aa-862e-4e2a-a5b6-a0693e73f468,N5,61
47d9750e-b47e-4dcd-bea5-def9b8ba6b96,N5,62
0c06d3c4-0ba6-492e-9879-13b333dda50a,N5,63
12aa65ed-9d09-44fc-908e-464deb963fd2,N5,64
229b7777-365b-4627-a75f-4af49819cacb,N5,65
311a0c14-a29f-475c-9524-7b7f54f2487a,N5,66
5f526389-fcd1-4c22-90b5-d1005903ba5f,N5,67
40a36cea-4ec0-4884-96ce-c7885b89fc5a,N5,68
bb54319b-baa8-44e4-afbb-a9216a5a4d43,N5,69
ac82312d-8478-4063-a039-d3e272f1e7d9,N5,70
138c1fad-8b32-4f1b-af50-e84aae1d64fb,N5,71
24cfece2-84c7-4f45-aaf0-301cdd6e712a,N5,72
c0ac9f9c-c866-449e-b9c2-397a1ea2e82f,N5,73
9863eb13-d053-431a-86c0-b951b2fc605b,N5,74
600b3779-75ea-4ed7-ad5f-c19504f8d3d7,N5,75
e5e7ab67-404c-4ee9-b560-3228c15fdb86,N5,76
cd685650-e123-4912-9d20-78b5228354f9,N5,77
030ab03f-18d7-47b9-afe1-71a82da6b453,N5,78
336c4db2-8f42-441f-916c-3173989bf506,N5,79
9fe854d8-edcc-492b-8e84-775c1e90faf0,N5,80
300e8d10-b61e-4d93-ab87-022ec9ae15fe,N5,81
f5338983-272b-4295-9e1b-a2932ebe811e,N5,82
79f96a2d-2b70-487b-a9af-2000c7ca9218,N5,83
55b19a8a-425a-4416-ad7b-352fd31a5e83,N5,84
7be430f4-3c52-4eb8-baf7-21b12f2cb781,N5,85
0c5005ef-3a2b-438b-9bb8-f86ee020f35d,N5,86
9871e838-e06a-4132-96e0-6e378e2f535e,N5,87
2bbb8871-d8a4-498d-9e76-ee43931cddb8,N5,88
7940c147-a531-421e-921c-f6bfff39ce9d,N5,89
3700aae9-887c-4edf-bbb8-8367bd00fa41,N5,90
6b6db819-e473-4dd8-81cb-c5bb1dd44709,N5,91
8b5ce552-4fe8-4946-a376-2868b3b0b491,N5,92
931b74d9-0b4e-4ff7-9a01-fb6c08b443be,N5,93
0f14c898-6c0c-499d-893b-973424f1f034,N5,94
cfb6c8e1-25cf-4d8b-a777-1322290c187f,N5,95
12fd8389-cd65-4e2f-ac06-17afa711f6c9,N5,96
37b2729a-c64c-4802-a75b-9bbac19cd422,N5,97
de3bf6e9-a67f-41aa-925e-2aeda854af70,N5,98
c6d17c41-f1fe-46fd-9c73-c172016795fa,N5,99
2bba63ef-731f-436c-8eab-fcdebec18d9b,N5,100
4386268f-9e1b-4fc8-b79d-b66602f866ce,N5,101
cd896f36-c131-4bbc-9407-c15a9d385c81,N5,102
1745ef1f-2f0c-4eb1-a1a6-27d5f9f7e9c8,N5,103
d9a8fc9d-398a-49ba-af30-239bfa15b1aa,N5,104
38608967-eac9-4ba1-bebb-c781acb37385,N5,105
6fdd5d5a-9bdd-40ab-9c38-72d32ee70815,N5,106
58e34773-9d97-4cca-88e8-bd0bd3f61072,N5,107
56a129ce-c0a9-4973-9024-84be8bbe32b1,N5,108
5a48ce67-4f74-4402-ad52-ce6d7888b085,N5,109
24f0e6b6-f88e-4511-b596-1291109643ab,N5,110
4a0126d5-7838-4f70-99cf-165ee2fd63ac,N5,111
5efb08bd-4db0-457a-b886-dbfc96dd31f3,N5,112
ef02c86d-ff1d-4fe2-864a-7d2a1a1bb483,N5,113
dd5a2ff7-0ab4-48e0-aa93-1912ed6a0144,N5,114
927d6645-03be-46de-bde5-f385182d6ffc,N5,115
e979f3ae-74fe-4e3c-adad-bab3fe4b4bc5,N5,116
a6df4779-fac9-4b0d-a311-d79cd431b63a,N5,117
c3b9abb3-137b-4535-92a4-01c7400578ff,N5,118
4b46d7ff-2329-4380-9d5a-e8a614d44e70,N5,119
106a0969-5a8d-42bf-8734-07d4917f1ca5,N5,120
5a8652fd-c19b-4d63-bb4f-9afd7cac62b5,N5,121
60545883-07bd-4ed6-8048-3547eaf04687,N5,122
ab31332e-ae4b-4b93-97c0-bc3a0c4b4f98,N5,123
cd6c2113-92be-4124-b782-2b89b80f2c5d,N5,124
780173b5-2862-45f4-bd08-86233687f5bb,N5,125
ceb2553c-385f-4974-b4ad-300955550358,N5,126
f4a4892c-16d7-4b99-9c69-0669b2ae6011,N5,127
1bf5bb9e-dbd7-499e-a14e-6d1351ad4cb1,N5,128
447e5ad0-e632-47b4-a47b-930e86542685,N5,129
cea2c0c0-c88f-4ab8-909a-3f44b739f47c,N5,130
e7352a6c-93fa-4c13-869e-83ff33a17136,N5,131
b4777d06-de46-43b2-adaa-8e494a45a970,N5,132
d5cb6c4b-82e0-47e4-a609-878ac5c5398e,N5,133
feaef5e2-e37a-4b48-914a-5266b96aa6eb,N5,134
2708ee20-e6b3-470e-9294-237a6c2332be,N5,135
a0602a63-afb8-4f46-96f6-2e46b0ed39c0,N5,136
3168cce5-f78d-461c-8e5e-70fc6033a7cd,N5,137
ddf6a0ca-5b94-450c-b1fd-fd0d5ab93d23,N5,138
bd443f1b-133c-41e5-99e3-ec88a8566d72,N5,139
3dbb6f36-c917-4627-9c1e-bd436bf0c0c7,N5,140
cd18809e-743c-4c6f-86c0-b999d637ad42,N5,141
2f579dfa-45d4-4f32-abf6-308a86786057,N5,142
6b3ecb40-a8a7-4e8f-ae9d-70b6683d68cf,N5,143
b51975c7-b2a4-4727-8a81-0632cfbc15a3,N5,144
1dddb240-b339-4f1b-aea7-6e0e99711e3f,N5,145
b14d76c5-ca63-4a79-b29b-f14015d54ce4,N5,146
7949c3ae-d0a6-413e-8264-670b4af29cbb,N5,147
8e0853c0-0ca2-46b2-be56-60739f54e5f5,N5,148
e9909bb9-f773-4a8b-ba00-9f2c7941eb02,N5,149
2f132e25-2f69-40a7-b11e-2eb6a8066530,N5,150
8fd47142-787c-4237-92fb-fb1dbc05073f,N5,151
f3a13527-df2b-4e1e-a5a6-105420ebb659,N5,152
04200fac-3d63-4fa4-8735-3282b1e760e0,N5,153
ce24a9d1-2f8e-4313-a16a-2e08c905ef16,N5,154
7913de36-ef04-48eb-b723-d9c9b7dbf5eb,N5,155
9caa7f74-4b8d-4187-9c10-b0754047d7f2,N5,156
828d1dd8-4c94-42a5-a291-bda464890d54,N5,157
6c8eadf6-bd74-450a-a46e-fbb709899cca,N5,158
b7970cdd-f582-4152-bf07-d3e82157d014,N5,159
c432cb3c-a45e-40cc-acc1-2824991434ee,N5,160
bf89993d-3e12-493e-8cc8-0347479f4dd1,N5,161
9b86ea64-46fc-4fad-8c0e-77531bc89558,N5,162
054d1178-a5f5-470b-9734-82f81be64685,N5,163
af75b23b-99e5-4824-a3f1-246aa8de3048,N5,164
41db9c72-6f2d-4eff-8e1a-df874c6e8fca,N5,165
bc9cb9f0-d312-4a8f-a0bd-440b29007bbc,N5,166
8d13c2b7-64ba-4f49-98d6-9e4140236d41,N5,167
d2324145-5139-4fd0-a0d3-523e258af615,N5,168
ec8abf45-705c-4482-925c-34eecf6d8b42,N5,169
271724b3-3048-46c4-a089-7a98cce2b7af,N5,170
f12c395a-9e90-4d39-bad1-dd2e1c7e3dbc,N5,171
6a7002d3-ec02-49a5-a89d-e2971f608c49,N5,172
59276ad6-4a96-450c-a314-9dbb12ffbdad,N5,173
cb715b92-9dfb-41a0-b184-59ff60e0afb7,N5,174
63d16078-6ef7-4bcc-88b6-42121f4647d0,N5,175
9006fae2-d67a-4aaa-891c-362963c07c64,N5,176
acea92eb-660a-421d-8d07-36e4beb513a1,N5,177
92f8615d-5cef-40ba-b44d-cb171666ebde,N5,178
ba8675f5-af02-4ea9-8849-cd96021f77df,N5,179
913a9f67-018e-4362-83dd-380b455a13a6,N5,180
24dc1643-4d96-4b75-bb0c-c75b13360f62,N5,181
018c076a-56e6-463b-baec-9a07dea2c3de,N5,182
543d55eb-bcf4-4b7b-b6c1-a1fe3fae2ba1,N5,183
5e89a4b8-6115-41ce-b82f-87f31946c34c,N5,184
88ec90c2-dce3-47eb-ad77-70ba2d7aaac4,N5,185
8e2247ff-fdd7-4346-bd2c-790a18103967,N5,186
3c0ba5d8-379b-4a3c-b908-97919dc91b0f,N5,187
bef1f445-4090-4c74-8642-55f1266d4e67,N5,188
4c5ef381-9d16-4ad3-9dc1-c36064053578,N5,189
60fa8a77-49c5-44be-a68c-1e4a61063c05,N5,190
f0aafd9c-b2a2-4bb2-8c2e-4ef864a64309,N5,191
60c7897a-3168-437a-a80f-38f57a03d4a2,N5,192
a6b7c440-c3ba-4163-8909-10239c4e36fe,N5,193
4856259c-4c2a-4390-981b-9eafcae1d87e,N5,194
9d7844fc-5986-49a7-9396-bdd1ca2453c2,N5,195
74ce649f-a7ff-4f43-84df-879d4b97bef8,N5,196
82cf8944-ccbc-4952-a1a1-9f45e32f51fe,N5,197
a66aa366-3115-4ef1-8188-bc092d78dde4,N5,198
a84868f4-a3e6-4eda-839c-bb03344b6f55,N5,199
5946900e-1b66-4c17-9b70-db241d6a338b,N5,200
6689d0c6-a70f-4e10-8f5c-2fe296246774,N5,201
a17a26f3-b6af-4a40-a51d-a270d3fd50d3,N5,202
8f6f934b-1c6e-430a-8f9e-c4bdeb5e0003,N5,203
54a7f657-aaaf-4483-8b4e-876d6215684f,N5,204
56539c9d-a1bd-4d7c-8790-93cc104c1cdf,N5,205
e2f5056e-3254-451a-9233-6de8c4703154,N5,206
215a9da1-30c1-4917-a067-aa1ab0a281a7,N5,207
85710380-2e63-4279-bb44-e57a4b289a60,N5,208
b02b8210-09a0-49fe-9fc1-7284de479c02,N5,209
9fc695b3-49a7-48ea-81f7-858003520519,N5,210
62ebee94-e432-487a-83dd-ab8577006430,N5,211
79d0252a-5ec0-4fab-87d5-9917d51aa448,N5,212
3d9e834d-ec7b-4d16-9c16-9fe69d7f704c,N5,213
9fcb94d4-1141-440e-ab4e-816c2abd5f9d,N5,214
24e135a2-d600-48e7-989a-9d2e0878e2b5,N5,215
257067c1-057f-492a-a572-5fc0915163d0,N5,216
e09ea235-b6b5-4a18-90d5-3ecc74e2eb7d,N5,217
8853f62f-a59d-43bc-83d2-1ca59db35428,N5,218
e93df6fe-4f28-4243-b1a4-1ef3b444da56,N5,219
fa6ff16d-9987-4c82-986c-b2e89fb981ba,N5,220
b5e6faca-92d6-4c41-87ae-4e5c2b775e89,N5,221
7a120ff8-4a17-41af-8eec-c13b84033722,N5,222
13675630-6533-4cf6-9655-7b454961d7e1,N5,223
01b0cd24-4433-449d-b637-f1258ca382f6,N5,224
5fa5c8a1-400a-4086-a546-1c1aa98fb83a,N5,225
b7e8dd1e-6cb9-465e-8273-d07680bed674,N5,226
3123590f-b139-4f76-a624-9e2331f6f97b,N5,227
e31d2083-aae7-41b4-a2e0-9eda1829c48f,N5,228
c09cff21-280f-497a-aa34-c2648140eeb5,N5,229
3b238cd2-007b-4cde-a59d-b39454ec541a,N5,230
a537f00d-7fbb-4ea6-a036-2252a1d903a6,N5,231
c62a1c4a-8cf8-4c5b-b989-0a81e59ac1a7,N5,232
a20ef527-1598-46d5-88c7-2365686721b7,N5,233
bcbc1ba4-89d1-499a-8dd2-24cee5346d08,N5,234
bb655337-0004-4d89-afa0-f0b3d3c1d016,N5,235
d70bf85d-9759-446c-ba33-10eeb91274dd,N5,236
c6b8d7ba-8148-44df-ab60-7193c56047e1,N5,237
71e06dc6-3140-4553-b132-de2da51c9f2d,N5,238
2c2044d3-9c7b-4123-a141-c5eed76dbf4a,N5,239
0252b405-c3a5-474c-bad9-0d5a8928ae11,N5,240
770f0c6f-51d7-41f6-b4de-877a5a2fd9a8,N5,241
f14b6a2c-640a-404c-8c48-f94e30d87eef,N5,242
109e4e4d-02f0-4063-9942-196eadbf554e,N5,243
a7c75af5-8256-4bca-a8c0-db04b9304ecf,N5,244
a2e44390-dcfc-44f0-b12a-09b3356aab2b,N5,245
8f5efd03-f006-414e-a70f-87edbd2fe4ee,N5,246
ad02cb8b-a5e1-435a-b5fe-01eb864c306d,N5,247
718f7a71-897a-4954-a185-b1c4e8706e96,N5,248
562da644-0cec-4b99-aa6a-4deb730a3fc0,N5,249
47e4f9d7-c5bd-4e6a-8385-e5d586cfdae6,N5,250
c56d5229-eda1-46bc-a652-1cea72d0b6c9,N5,251
6a37c660-86af-4768-ab17-401516830857,N5,252
892a2f67-294e-4255-9bd8-d9c203619f29,N5,253
ba8b183a-ed89-43c4-ab12-e8ac215005a5,N5,254
1a092200-ea73-45b8-a90e-2642fa05be4e,N5,255
669a5b67-413b-499a-a89a-afc5204d812b,N5,256
5521ec89-fb36-4b11-a075-115a7dcac23c,N5,257
5287cc59-98b0-4e5e-aee9-af96b61282be,N5,258
6a3f55c0-6e48-43e2-b7ea-59ab932eb1ea,N5,259
c21c579f-4e9e-4d39-9c2f-51805e51788a,N5,260
dce90160-76b3-46d8-beef-8be0d48ccb72,N5,261
9a972b20-b870-4238-ad79-1b6034a74056,N5,262
2bf43867-c9c8-443e-b696-a29d5a6aa316,N5,263
5f24feba-4138-49be-80d7-c42493fe56a9,N5,264
bc269465-a2be-4def-b20b-587ded10d417,N5,265
0550e27a-69b6-4952-823a-1d15f3e0abb1,N5,266
d51e8247-4852-4d7d-85a1-f8a8e4959c22,N5,267
c2e478d2-92c6-4fe3-af98-6fa03df1d99a,N5,268
783bece8-2017-4aa9-b004-7bc41fbc7655,N5,269
bce96bc5-05e1-4383-91f4-cff29d58e708,N5,270
27350197-0a18-429b-97f6-cb4507ce477b,N5,271
31f5f492-add2-444c-ba77-54c08d871c46,N5,272
deac2f0b-7400-46cc-903d-e69b80ea75ce,N5,273
24bba5f0-6111-4bc8-8c06-7d69b5db839a,N5,274
3f8a7d5a-18b0-4b07-891a-633b23a9c108,N5,275
7bb2996f-4a05-46e0-860b-d1c76e8e0bdf,N5,276
2187222b-c0b6-4349-aa8f-1d60a0e6373d,N5,277
ce380e6e-6305-45e1-8341-8599207471fb,N5,278
8ce70e56-aec6-42f6-b6e1-445e7ed46079,N5,279
d56f54a6-f7f2-4709-befb-cfcaef43884d,N5,280
5585406e-10e2-4263-99bf-efd06e7b373e,N5,281
d636c1b2-3a1c-4f89-a8c0-478a036e9307,N5,282
1c8f2a3f-6cdd-42a0-aded-fc120510fe96,N5,283
e808a33c-5d9a-4a37-8b55-0f3a10e996f1,N5,284
3387c8cf-39cd-409e-8691-22ffb7f2fe9e,N5,285
3734a086-cefb-4e76-9534-7dfc4644b33c,N5,286
778887bd-019b-491b-b060-ba7428530ccb,N5,287
22c7eeb7-93bd-406d-8762-5e41383e7784,N5,288
70fab4a7-6860-4c1e-a0c1-6408be9fcd5b,N5,289
8d53f655-f6a4-43dc-817a-34d9f00b7b5f,N5,290
e6ee29d7-d2e3-44f9-bf44-41c9e7286d35,N5,291
92ca5ed8-9e02-457c-b150-4b38cf9050a1,N5,292
3044a67b-2ef9-4bb9-9907-f532258559d1,N5,293
4064c330-379c-4d28-bf38-3180af4feb57,N5,294
c05c1b76-2e14-4e7f-9ee5-0e578eebc3a0,N5,295
5a5bf1ce-3d50-4044-8548-a95f2e841896,N5,296
39485b4e-c8f0-48b4-b9bb-7dc5167c4589,N5,297
1b1a4263-2ab4-4d4a-9dfd-adefca78ab69,N5,298
6b411731-9f0b-4414-92f8-2d765094d32c,N5,299
23186369-2f73-4ba7-8995-338035970b59,N5,300
1d0ee1a4-676f-4ee4-bff8-5c9fc2392c93,N5,301
c4984b98-3da1-4e03-a0f0-30ac4e08b364,N5,302
