41e2e73a-8629-421a-8118-6a1e88eebddc,N1,1
96483bf6-3507-4c0d-bebc-3926424abc6c,N1,2
c7231ae8-7ec3-4e81-83bf-1e76c8eee841,N1,3
03af11c0-4e37-40ea-8aa0-7c616461c718,N1,4
fbaf24cd-b694-4ad6-9555-cc40b056acea,N1,5
80b1e220-99f0-4d9f-aa0f-1abd8ab30de5,N1,6
41b62d3d-f711-4a85-806c-a77a3b3c78cf,N1,7
f0eb6d3b-6c65-4ea3-bfcd-85598bbfc8e8,N1,8
1d14701c-9a82-422b-b029-978c05e491c4,N1,9
cc279427-4cce-482a-85b7-bdde19a7bc15,N1,10
4a526844-57ea-41c3-9405-a2eb8f680ca4,N1,11
132779e5-3760-4d98-b56d-e5b826bd7387,N1,12
8a4349a8-e19d-407e-88b7-4e5d8aa262cc,N1,13
ba287af5-d280-4c22-bc8c-a954e7e7e8ea,N1,14
c5ab0ed5-2846-47a6-8b94-36efc5f7c2ac,N1,15
7554bf5c-5c96-4ae2-a45d-4040f4b62210,N1,16
78223e14-ef36-46b6-9b91-1757014a78af,N1,17
6f600708-65dc-4a2f-b8e3-b61a3394cc59,N1,18
68154caf-792e-4ddb-883d-20cdb9f43d31,N1,19
3c10520c-5ea3-4fb8-adfe-5b584c4c9a05,N1,20
665e51d6-5947-4708-9cc3-b7a9c12b2280,N2,1
95a8ec66-9027-4eaf-a615-e4c78116f901,N2,2
c8c8a18c-d4eb-4018-a8be-3391310f7e51,N2,3
b6831545-0727-477b-84b3-f21bd499448e,N2,4
3972611d-af54-434a-8889-577166828999,N2,5
7fdfcdf2-a8b8-4026-8723-0b757ffc87d0,N2,6
0a1da1b2-a09a-4bb1-be78-09bdd006571c,N2,7
79e32b85-3789-4dbb-8536-cfcb8362ad0e,N2,8
df03964c-0249-4c1b-bd93-62da4c00f6ac,N2,9
21e940f1-c100-4e7b-8b59-e419f53f7ad4,N2,10
b70a3b7f-52bb-459c-9879-1022c15dc0d3,N2,11
7a271d8a-6ca8-49b3-9630-063066ae3f4a,N2,12
b5bc4b6d-ebe1-498c-9b28-2ec07f98c6b7,N2,13
dbfabea9-acf5-402a-a90a-ed2eb32f8dc9,N2,14
04ae1796-416f-446a-87e9-142fcbb5bc97,N2,15
e1db98f9-bbe4-4a80-8d51-a5709f1cddad,N2,16
98a3606f-c912-49af-8461-928534e66689,N2,17
d7154644-c1b0-42ac-94b7-7300e9311294,N2,18
a159dd2d-b26a-4436-a9da-e619fdaef6f6,N2,19
8230ea81-c4d7-48c4-8791-27b5cacb5fd2,N2,20
c58da68d-7adc-4cc0-99d9-f0ea0681d283,N2,21
4a5c0bb1-6234-44df-8fa7-7a5934c1d15e,N2,22
afd772df-79f9-49d0-8e1c-1e3ffcaed2a5,N2,23
ac21846c-e061-430d-b1ac-b8fba78be3e3,N2,24
f99aecd9-269e-4cd0-a5de-b6fae14dc3c0,N2,25
90264873-fdf3-4eab-966a-c168f4d78e73,N3,1
72ffd42d-3b92-4ba8-bcb8-5c534183a06e,N3,2
8c1b1f0e-4bbd-43dd-82c0-f8a96fa072c6,N3,3
b1c5ffc0-5d4b-42bb-8b33-5556248ff581,N3,4
7e174e28-66e9-47d7-9f23-3c5303bd413f,N3,5
ee223f29-8648-4a2a-b3b8-6d79b4dbc4b0,N3,6
ad6c7206-be3f-472d-821a-dad887a27e00,N3,7
4efdeeb5-2d05-47ce-a9ee-0adff20a28cc,N3,8
63f41ad7-4f98-4f23-9ac1-0cad88908a07,N3,9
d85201ad-61dd-4650-9ec8-51cd17569319,N3,10
98ce0e32-bbbd-4038-af7b-f4f8505de5ab,N3,11
734955cd-81ee-4861-b203-5dd6cb50c0e9,N3,12
13aa69ec-8e46-4e77-b978-67682e57ff6d,N3,13
82fecf7b-05e6-48c8-b49a-716cb4d5b563,N3,14
1c7764f4-092a-4b52-8d26-4b26eb1916e4,N3,15
2db00da5-5dc3-4861-87ab-fbb8f057a3fd,N3,16
72912eaf-d714-4ac6-a452-921372e3ab9d,N3,17
8945077b-a2cf-43be-835a-d4ff2beea71a,N3,18
6ec74f61-1fff-4fd9-b26a-f6e533414e28,N3,19
99ef4567-7bc5-4252-aa70-02395d21315f,N3,20
c0d58912-8369-4690-9eaa-795fe8f145df,N3,21
e9079068-5ae6-4cf8-ac5b-413de387cb50,N3,22
fd8de9fd-cb02-4b77-b4d5-33699aa04155,N3,23
a0b001fe-f1f7-4033-90f3-dfee982477ff,N3,24
cc3c93b6-7e66-4ca3-ad47-f4cdf53cb9c0,N3,25
a4ddee4e-1c97-4127-a9cf-d08d7defe82a,N4,1
695c23d9-12e8-4290-87eb-9c2e7546b106,N4,2
39fbfea8-cf79-4203-8d87-abded7b7e57a,N4,3
7fff32f1-503e-4e50-9fd0-55091179cbc9,N4,4
c4a4969e-a52e-4e49-85d2-c3509a0e9183,N4,5
84dc3e24-d208-439b-947f-6a0d45b1c50d,N4,6
d3503542-f3ea-4f58-8e15-666c132e7cc5,N4,7
60a75120-8d27-4c57-9b77-fedd60c7f7a1,N4,8
8ca9176f-5cf2-46a8-9dbe-ea7ed4b79415,N4,9
ac6b756a-23c8-4eeb-bda7-aaa94a50ade2,N4,10
5620b9a1-0709-491c-97b5-fbdf1357cbcd,N4,11
b81f9352-78c9-40a4-95bc-eadf6f2e481c,N4,12
60620618-9845-41ec-844c-f9216c3c9277,N4,13
bda2e182-79ae-4999-bbab-783ad1030837,N4,14
9464fd6e-f24b-4601-b050-64ec16f91740,N4,15
a21f9aee-1db7-4de6-ba74-39c8d660e30a,N4,16
6abfae70-28f2-4fdd-8119-2a68b693b8c0,N4,17
e1c8e94b-5496-4dbf-8fe1-ac120f7267ce,N4,18
3496c599-cae0-4662-925c-6a6da75c474e,N4,19
db2e7634-d87e-40b8-a3ef-d7aada607601,N4,20
a816b0b7-5b8d-44a6-a072-8aef10fa1fa6,N4,21
c35c7379-c8db-4cbe-9fef-bad966603648,N4,22
c3faa47b-f114-4adf-a728-180ff9b9ffdf,N4,23
badb1f99-649f-4c2d-98da-7e6bdcb23d2d,N4,24
85940798-b496-40a3-857e-eda61b33870f,N4,25
334aaefd-b830-4154-9bb6-bc36c733d03b,N4,26
922cbbb6-cd04-4c42-8784-d19f47a45bbc,N4,27
40fd0ffd-4a28-483b-b4db-9fe8ab2a8317,N4,28
d0641395-e0ff-4480-a070-a3b0ec90049b,N4,29
bc95d944-e775-4137-914a-7b14daff3ba3,N4,30
b307073f-b941-45d7-a85b-f5cbc96a45ff,N5,1
68473bd2-abf7-4fd1-b2c4-effd3d45a7cd,N5,2
6cfb1b41-cb40-4382-ab3a-8615d4809d8f,N5,3
9afd7d53-23c1-4cb8-8d36-246c36468375,N5,4
85698d77-c3cb-4a6b-bff0-97679b216208,N5,5
345cc599-5769-47a5-a984-469a4eb23709,N5,6
631ccee1-f147-42b3-a48e-14d8fe5e77f3,N5,7
7220be2c-809b-4cee-93d7-fc9cefa12836,N5,8
82a62b47-b8a6-440c-83ae-8e445c6c53b8,N5,9
66ea2903-15ab-4e62-a13b-a77c0b715d61,N5,10
3f1304ae-9e59-4547-b9a3-f51f3fd91165,N5,11
82e869af-0fb7-4912-99e9-718a7062912e,N5,12
e729d8a8-d0ae-445c-8fe0-10c95cdae74c,N5,13
57753a24-34cd-4534-981f-cc6aea932e04,N5,14
1cfa3f2d-839c-425d-b25f-00b13f160b09,N5,15
a5e350a4-ec36-4672-99c0-85b4ecf024bb,N5,16
f4fc7467-1946-48dd-ade6-03e93450c2a3,N5,17
f826f579-a990-4016-9abe-3c347849a1ab,N5,18
f4cf211b-e336-44fa-8a78-9acb341f987f,N5,19
4a74b42f-4839-498a-a0e4-d6f2105944fe,N5,20
4185254f-03d6-4dfa-8b9d-a44f425e3701,N5,21
b2942eab-a25a-4c19-9c12-7612228d179a,N5,22
97c48fe0-38ba-407f-904f-507e4dd450b8,N5,23
4c758bad-0c73-4510-975a-f81d7e479aef,N5,24
8a9f385c-89f0-4262-b1a0-a3cc09403cb8,N5,25
b1e10537-5c27-4ee5-9096-3e61a58bff10,N5,26
8787f3c0-3fbb-47b8-b374-340981894fba,N5,27
b3ad2e9c-3c28-498b-8675-fc22672477ae,N5,28
cbf1673e-37d4-476e-81d1-b1583811deea,N5,29
5f17a454-9908-4a26-a313-3d9ac30c4c6a,N5,30
